unique_cell_id,lat,lon,radio,city,cluster_id,is_5g,frequency_ghz,cell_type
GRID_0,33.55498198198198,-7.610625550694163,5G NSA,Casablanca,0,1,3.5,micro
GRID_1,33.55498198198198,-7.6098686564198665,LTE,Casablanca,0,0,1.8,macro
GRID_2,33.55498198198198,-7.609111762145571,5G NSA,Casablanca,0,1,3.5,micro
GRID_3,33.55498198198198,-7.608354867871276,LTE,Casablanca,0,0,1.8,macro
GRID_4,33.55498198198198,-7.60759797359698,5G NSA,Casablanca,0,1,3.5,micro
GRID_5,33.55498198198198,-7.606841079322685,LTE,Casablanca,0,0,1.8,macro
GRID_6,33.55498198198198,-7.606084185048388,5G NSA,Casablanca,0,1,3.5,micro
GRID_7,33.55498198198198,-7.605327290774093,LTE,Casablanca,0,0,1.8,macro
GRID_8,33.55498198198198,-7.604570396499797,5G NSA,Casablanca,0,1,3.5,micro
GRID_9,33.55498198198198,-7.603813502225502,LTE,Casablanca,0,0,1.8,macro
GRID_10,33.55498198198198,-7.603056607951205,5G NSA,Casablanca,0,1,3.5,micro
GRID_11,33.55498198198198,-7.60229971367691,LTE,Casablanca,0,0,1.8,macro
GRID_12,33.55498198198198,-7.6015428194026144,5G NSA,Casablanca,0,1,3.5,micro
GRID_13,33.55498198198198,-7.600785925128319,LTE,Casablanca,0,0,1.8,macro
GRID_14,33.55498198198198,-7.6000290308540235,5G NSA,Casablanca,0,1,3.5,micro
GRID_15,33.55498198198198,-7.599272136579727,LTE,Casablanca,0,0,1.8,macro
GRID_16,33.55498198198198,-7.598515242305432,5G NSA,Casablanca,0,1,3.5,micro
GRID_17,33.55498198198198,-7.597758348031136,LTE,Casablanca,0,0,1.8,macro
GRID_18,33.55498198198198,-7.597001453756841,5G NSA,Casablanca,0,1,3.5,micro
GRID_19,33.55498198198198,-7.596244559482544,LTE,Casablanca,0,0,1.8,macro
GRID_20,33.55498198198198,-7.595487665208249,5G NSA,Casablanca,0,1,3.5,micro
GRID_21,33.55498198198198,-7.594730770933953,LTE,Casablanca,0,0,1.8,macro
GRID_22,33.55498198198198,-7.593973876659658,5G NSA,Casablanca,0,1,3.5,micro
GRID_23,33.55498198198198,-7.593216982385362,LTE,Casablanca,0,0,1.8,macro
GRID_24,33.55498198198198,-7.592460088111066,5G NSA,Casablanca,0,1,3.5,micro
GRID_25,33.55498198198198,-7.5917031938367705,LTE,Casablanca,0,0,1.8,macro
GRID_26,33.55498198198198,-7.590946299562475,5G NSA,Casablanca,0,1,3.5,micro
GRID_27,33.55498198198198,-7.5901894052881795,LTE,Casablanca,0,0,1.8,macro
GRID_28,33.55498198198198,-7.589432511013884,5G NSA,Casablanca,0,1,3.5,micro
GRID_29,33.55498198198198,-7.588675616739588,LTE,Casablanca,0,0,1.8,macro
GRID_30,33.55498198198198,-7.587918722465292,5G NSA,Casablanca,0,1,3.5,micro
GRID_31,33.55498198198198,-7.587161828190997,LTE,Casablanca,0,0,1.8,macro
GRID_32,33.55498198198198,-7.586404933916701,5G NSA,Casablanca,0,1,3.5,micro
GRID_33,33.55498198198198,-7.585648039642405,LTE,Casablanca,0,0,1.8,macro
GRID_34,33.55498198198198,-7.584891145368109,5G NSA,Casablanca,0,1,3.5,micro
GRID_35,33.55498198198198,-7.584134251093814,LTE,Casablanca,0,0,1.8,macro
GRID_36,33.55498198198198,-7.583377356819518,5G NSA,Casablanca,0,1,3.5,micro
GRID_37,33.55498198198198,-7.582620462545223,LTE,Casablanca,0,0,1.8,macro
GRID_38,33.55498198198198,-7.581863568270927,5G NSA,Casablanca,0,1,3.5,micro
GRID_39,33.55498198198198,-7.581106673996631,LTE,Casablanca,0,0,1.8,macro
GRID_40,33.55498198198198,-7.580349779722336,5G NSA,Casablanca,0,1,3.5,micro
GRID_41,33.55498198198198,-7.57959288544804,LTE,Casablanca,0,0,1.8,macro
GRID_42,33.55498198198198,-7.578835991173745,5G NSA,Casablanca,0,1,3.5,micro
GRID_43,33.55498198198198,-7.578079096899448,LTE,Casablanca,0,0,1.8,macro
GRID_44,33.55498198198198,-7.577322202625153,5G NSA,Casablanca,0,1,3.5,micro
GRID_45,33.55498198198198,-7.576565308350857,LTE,Casablanca,0,0,1.8,macro
GRID_46,33.55498198198198,-7.575808414076562,5G NSA,Casablanca,0,1,3.5,micro
GRID_47,33.55498198198198,-7.575051519802265,LTE,Casablanca,0,0,1.8,macro
GRID_48,33.55498198198198,-7.57429462552797,5G NSA,Casablanca,0,1,3.5,micro
GRID_49,33.55498198198198,-7.5735377312536745,LTE,Casablanca,0,0,1.8,macro
GRID_50,33.55498198198198,-7.572780836979379,5G NSA,Casablanca,0,1,3.5,micro
GRID_51,33.55498198198198,-7.5720239427050835,LTE,Casablanca,0,0,1.8,macro
GRID_52,33.55498198198198,-7.571267048430787,5G NSA,Casablanca,0,1,3.5,micro
GRID_53,33.55498198198198,-7.570510154156492,LTE,Casablanca,0,0,1.8,macro
GRID_54,33.55498198198198,-7.569753259882196,5G NSA,Casablanca,0,1,3.5,micro
GRID_55,33.55498198198198,-7.568996365607901,LTE,Casablanca,0,0,1.8,macro
GRID_56,33.55498198198198,-7.568239471333605,5G NSA,Casablanca,0,1,3.5,micro
GRID_57,33.55561261261261,-7.610625550694163,LTE,Casablanca,0,0,1.8,macro
GRID_58,33.55561261261261,-7.6098686564198665,5G NSA,Casablanca,0,1,3.5,micro
GRID_59,33.55561261261261,-7.609111762145571,LTE,Casablanca,0,0,1.8,macro
GRID_60,33.55561261261261,-7.608354867871276,5G NSA,Casablanca,0,1,3.5,micro
GRID_61,33.55561261261261,-7.60759797359698,LTE,Casablanca,0,0,1.8,macro
GRID_62,33.55561261261261,-7.606841079322685,5G NSA,Casablanca,0,1,3.5,micro
GRID_63,33.55561261261261,-7.606084185048388,LTE,Casablanca,0,0,1.8,macro
GRID_64,33.55561261261261,-7.605327290774093,5G NSA,Casablanca,0,1,3.5,micro
GRID_65,33.55561261261261,-7.604570396499797,LTE,Casablanca,0,0,1.8,macro
GRID_66,33.55561261261261,-7.603813502225502,5G NSA,Casablanca,0,1,3.5,micro
GRID_67,33.55561261261261,-7.603056607951205,LTE,Casablanca,0,0,1.8,macro
GRID_68,33.55561261261261,-7.60229971367691,5G NSA,Casablanca,0,1,3.5,micro
GRID_69,33.55561261261261,-7.6015428194026144,LTE,Casablanca,0,0,1.8,macro
GRID_70,33.55561261261261,-7.600785925128319,5G NSA,Casablanca,0,1,3.5,micro
GRID_71,33.55561261261261,-7.6000290308540235,LTE,Casablanca,0,0,1.8,macro
GRID_72,33.55561261261261,-7.599272136579727,5G NSA,Casablanca,0,1,3.5,micro
GRID_73,33.55561261261261,-7.598515242305432,LTE,Casablanca,0,0,1.8,macro
GRID_74,33.55561261261261,-7.597758348031136,5G NSA,Casablanca,0,1,3.5,micro
GRID_75,33.55561261261261,-7.597001453756841,LTE,Casablanca,0,0,1.8,macro
GRID_76,33.55561261261261,-7.596244559482544,5G NSA,Casablanca,0,1,3.5,micro
GRID_77,33.55561261261261,-7.595487665208249,LTE,Casablanca,0,0,1.8,macro
GRID_78,33.55561261261261,-7.594730770933953,5G NSA,Casablanca,0,1,3.5,micro
GRID_79,33.55561261261261,-7.593973876659658,LTE,Casablanca,0,0,1.8,macro
GRID_80,33.55561261261261,-7.593216982385362,5G NSA,Casablanca,0,1,3.5,micro
GRID_81,33.55561261261261,-7.592460088111066,LTE,Casablanca,0,0,1.8,macro
GRID_82,33.55561261261261,-7.5917031938367705,5G NSA,Casablanca,0,1,3.5,micro
GRID_83,33.55561261261261,-7.590946299562475,LTE,Casablanca,0,0,1.8,macro
GRID_84,33.55561261261261,-7.5901894052881795,5G NSA,Casablanca,0,1,3.5,micro
GRID_85,33.55561261261261,-7.589432511013884,LTE,Casablanca,0,0,1.8,macro
GRID_86,33.55561261261261,-7.588675616739588,5G NSA,Casablanca,0,1,3.5,micro
GRID_87,33.55561261261261,-7.587918722465292,LTE,Casablanca,0,0,1.8,macro
GRID_88,33.55561261261261,-7.587161828190997,5G NSA,Casablanca,0,1,3.5,micro
GRID_89,33.55561261261261,-7.586404933916701,LTE,Casablanca,0,0,1.8,macro
GRID_90,33.55561261261261,-7.585648039642405,5G NSA,Casablanca,0,1,3.5,micro
GRID_91,33.55561261261261,-7.584891145368109,LTE,Casablanca,0,0,1.8,macro
GRID_92,33.55561261261261,-7.584134251093814,5G NSA,Casablanca,0,1,3.5,micro
GRID_93,33.55561261261261,-7.583377356819518,LTE,Casablanca,0,0,1.8,macro
GRID_94,33.55561261261261,-7.582620462545223,5G NSA,Casablanca,0,1,3.5,micro
GRID_95,33.55561261261261,-7.581863568270927,LTE,Casablanca,0,0,1.8,macro
GRID_96,33.55561261261261,-7.581106673996631,5G NSA,Casablanca,0,1,3.5,micro
GRID_97,33.55561261261261,-7.580349779722336,LTE,Casablanca,0,0,1.8,macro
GRID_98,33.55561261261261,-7.57959288544804,5G NSA,Casablanca,0,1,3.5,micro
GRID_99,33.55561261261261,-7.578835991173745,LTE,Casablanca,0,0,1.8,macro
GRID_100,33.55561261261261,-7.578079096899448,5G NSA,Casablanca,0,1,3.5,micro
GRID_101,33.55561261261261,-7.577322202625153,LTE,Casablanca,0,0,1.8,macro
GRID_102,33.55561261261261,-7.576565308350857,5G NSA,Casablanca,0,1,3.5,micro
GRID_103,33.55561261261261,-7.575808414076562,LTE,Casablanca,0,0,1.8,macro
GRID_104,33.55561261261261,-7.575051519802265,5G NSA,Casablanca,0,1,3.5,micro
GRID_105,33.55561261261261,-7.57429462552797,LTE,Casablanca,0,0,1.8,macro
GRID_106,33.55561261261261,-7.5735377312536745,5G NSA,Casablanca,0,1,3.5,micro
GRID_107,33.55561261261261,-7.572780836979379,LTE,Casablanca,0,0,1.8,macro
GRID_108,33.55561261261261,-7.5720239427050835,5G NSA,Casablanca,0,1,3.5,micro
GRID_109,33.55561261261261,-7.571267048430787,LTE,Casablanca,0,0,1.8,macro
GRID_110,33.55561261261261,-7.570510154156492,5G NSA,Casablanca,0,1,3.5,micro
GRID_111,33.55561261261261,-7.569753259882196,LTE,Casablanca,0,0,1.8,macro
GRID_112,33.55561261261261,-7.568996365607901,5G NSA,Casablanca,0,1,3.5,micro
GRID_113,33.55561261261261,-7.568239471333605,LTE,Casablanca,0,0,1.8,macro
GRID_114,33.556243243243244,-7.610625550694163,5G NSA,Casablanca,0,1,3.5,micro
GRID_115,33.556243243243244,-7.6098686564198665,LTE,Casablanca,0,0,1.8,macro
GRID_116,33.556243243243244,-7.609111762145571,5G NSA,Casablanca,0,1,3.5,micro
GRID_117,33.556243243243244,-7.608354867871276,LTE,Casablanca,0,0,1.8,macro
GRID_118,33.556243243243244,-7.60759797359698,5G NSA,Casablanca,0,1,3.5,micro
GRID_119,33.556243243243244,-7.606841079322685,LTE,Casablanca,0,0,1.8,macro
GRID_120,33.556243243243244,-7.606084185048388,5G NSA,Casablanca,0,1,3.5,micro
GRID_121,33.556243243243244,-7.605327290774093,LTE,Casablanca,0,0,1.8,macro
GRID_122,33.556243243243244,-7.604570396499797,5G NSA,Casablanca,0,1,3.5,micro
GRID_123,33.556243243243244,-7.603813502225502,LTE,Casablanca,0,0,1.8,macro
GRID_124,33.556243243243244,-7.603056607951205,5G NSA,Casablanca,0,1,3.5,micro
GRID_125,33.556243243243244,-7.60229971367691,LTE,Casablanca,0,0,1.8,macro
GRID_126,33.556243243243244,-7.6015428194026144,5G NSA,Casablanca,0,1,3.5,micro
GRID_127,33.556243243243244,-7.600785925128319,LTE,Casablanca,0,0,1.8,macro
GRID_128,33.556243243243244,-7.6000290308540235,5G NSA,Casablanca,0,1,3.5,micro
GRID_129,33.556243243243244,-7.599272136579727,LTE,Casablanca,0,0,1.8,macro
GRID_130,33.556243243243244,-7.598515242305432,5G NSA,Casablanca,0,1,3.5,micro
GRID_131,33.556243243243244,-7.597758348031136,LTE,Casablanca,0,0,1.8,macro
GRID_132,33.556243243243244,-7.597001453756841,5G NSA,Casablanca,0,1,3.5,micro
GRID_133,33.556243243243244,-7.596244559482544,LTE,Casablanca,0,0,1.8,macro
GRID_134,33.556243243243244,-7.595487665208249,5G NSA,Casablanca,0,1,3.5,micro
GRID_135,33.556243243243244,-7.594730770933953,LTE,Casablanca,0,0,1.8,macro
GRID_136,33.556243243243244,-7.593973876659658,5G NSA,Casablanca,0,1,3.5,micro
GRID_137,33.556243243243244,-7.593216982385362,LTE,Casablanca,0,0,1.8,macro
GRID_138,33.556243243243244,-7.592460088111066,5G NSA,Casablanca,0,1,3.5,micro
GRID_139,33.556243243243244,-7.5917031938367705,LTE,Casablanca,0,0,1.8,macro
GRID_140,33.556243243243244,-7.590946299562475,5G NSA,Casablanca,0,1,3.5,micro
GRID_141,33.556243243243244,-7.5901894052881795,LTE,Casablanca,0,0,1.8,macro
GRID_142,33.556243243243244,-7.589432511013884,5G NSA,Casablanca,0,1,3.5,micro
GRID_143,33.556243243243244,-7.588675616739588,LTE,Casablanca,0,0,1.8,macro
GRID_144,33.556243243243244,-7.587918722465292,5G NSA,Casablanca,0,1,3.5,micro
GRID_145,33.556243243243244,-7.587161828190997,LTE,Casablanca,0,0,1.8,macro
GRID_146,33.556243243243244,-7.586404933916701,5G NSA,Casablanca,0,1,3.5,micro
GRID_147,33.556243243243244,-7.585648039642405,LTE,Casablanca,0,0,1.8,macro
GRID_148,33.556243243243244,-7.584891145368109,5G NSA,Casablanca,0,1,3.5,micro
GRID_149,33.556243243243244,-7.584134251093814,LTE,Casablanca,0,0,1.8,macro
GRID_150,33.556243243243244,-7.583377356819518,5G NSA,Casablanca,0,1,3.5,micro
GRID_151,33.556243243243244,-7.582620462545223,LTE,Casablanca,0,0,1.8,macro
GRID_152,33.556243243243244,-7.581863568270927,5G NSA,Casablanca,0,1,3.5,micro
GRID_153,33.556243243243244,-7.581106673996631,LTE,Casablanca,0,0,1.8,macro
GRID_154,33.556243243243244,-7.580349779722336,5G NSA,Casablanca,0,1,3.5,micro
GRID_155,33.556243243243244,-7.57959288544804,LTE,Casablanca,0,0,1.8,macro
GRID_156,33.556243243243244,-7.578835991173745,5G NSA,Casablanca,0,1,3.5,micro
GRID_157,33.556243243243244,-7.578079096899448,LTE,Casablanca,0,0,1.8,macro
GRID_158,33.556243243243244,-7.577322202625153,5G NSA,Casablanca,0,1,3.5,micro
GRID_159,33.556243243243244,-7.576565308350857,LTE,Casablanca,0,0,1.8,macro
GRID_160,33.556243243243244,-7.575808414076562,5G NSA,Casablanca,0,1,3.5,micro
GRID_161,33.556243243243244,-7.575051519802265,LTE,Casablanca,0,0,1.8,macro
GRID_162,33.556243243243244,-7.57429462552797,5G NSA,Casablanca,0,1,3.5,micro
GRID_163,33.556243243243244,-7.5735377312536745,LTE,Casablanca,0,0,1.8,macro
GRID_164,33.556243243243244,-7.572780836979379,5G NSA,Casablanca,0,1,3.5,micro
GRID_165,33.556243243243244,-7.5720239427050835,LTE,Casablanca,0,0,1.8,macro
GRID_166,33.556243243243244,-7.571267048430787,5G NSA,Casablanca,0,1,3.5,micro
GRID_167,33.556243243243244,-7.570510154156492,LTE,Casablanca,0,0,1.8,macro
GRID_168,33.556243243243244,-7.569753259882196,5G NSA,Casablanca,0,1,3.5,micro
GRID_169,33.556243243243244,-7.568996365607901,LTE,Casablanca,0,0,1.8,macro
GRID_170,33.556243243243244,-7.568239471333605,5G NSA,Casablanca,0,1,3.5,micro
GRID_171,33.556873873873876,-7.610625550694163,LTE,Casablanca,0,0,1.8,macro
GRID_172,33.556873873873876,-7.6098686564198665,5G NSA,Casablanca,0,1,3.5,micro
GRID_173,33.556873873873876,-7.609111762145571,LTE,Casablanca,0,0,1.8,macro
GRID_174,33.556873873873876,-7.608354867871276,5G NSA,Casablanca,0,1,3.5,micro
GRID_175,33.556873873873876,-7.60759797359698,LTE,Casablanca,0,0,1.8,macro
GRID_176,33.556873873873876,-7.606841079322685,5G NSA,Casablanca,0,1,3.5,micro
GRID_177,33.556873873873876,-7.606084185048388,LTE,Casablanca,0,0,1.8,macro
GRID_178,33.556873873873876,-7.605327290774093,5G NSA,Casablanca,0,1,3.5,micro
GRID_179,33.556873873873876,-7.604570396499797,LTE,Casablanca,0,0,1.8,macro
GRID_180,33.556873873873876,-7.603813502225502,5G NSA,Casablanca,0,1,3.5,micro
GRID_181,33.556873873873876,-7.603056607951205,LTE,Casablanca,0,0,1.8,macro
GRID_182,33.556873873873876,-7.60229971367691,5G NSA,Casablanca,0,1,3.5,micro
GRID_183,33.556873873873876,-7.6015428194026144,LTE,Casablanca,0,0,1.8,macro
GRID_184,33.556873873873876,-7.600785925128319,5G NSA,Casablanca,0,1,3.5,micro
GRID_185,33.556873873873876,-7.6000290308540235,LTE,Casablanca,0,0,1.8,macro
GRID_186,33.556873873873876,-7.599272136579727,5G NSA,Casablanca,0,1,3.5,micro
GRID_187,33.556873873873876,-7.598515242305432,LTE,Casablanca,0,0,1.8,macro
GRID_188,33.556873873873876,-7.597758348031136,5G NSA,Casablanca,0,1,3.5,micro
GRID_189,33.556873873873876,-7.597001453756841,LTE,Casablanca,0,0,1.8,macro
GRID_190,33.556873873873876,-7.596244559482544,5G NSA,Casablanca,0,1,3.5,micro
GRID_191,33.556873873873876,-7.595487665208249,LTE,Casablanca,0,0,1.8,macro
GRID_192,33.556873873873876,-7.594730770933953,5G NSA,Casablanca,0,1,3.5,micro
GRID_193,33.556873873873876,-7.593973876659658,LTE,Casablanca,0,0,1.8,macro
GRID_194,33.556873873873876,-7.593216982385362,5G NSA,Casablanca,0,1,3.5,micro
GRID_195,33.556873873873876,-7.592460088111066,LTE,Casablanca,0,0,1.8,macro
GRID_196,33.556873873873876,-7.5917031938367705,5G NSA,Casablanca,0,1,3.5,micro
GRID_197,33.556873873873876,-7.590946299562475,LTE,Casablanca,0,0,1.8,macro
GRID_198,33.556873873873876,-7.5901894052881795,5G NSA,Casablanca,0,1,3.5,micro
GRID_199,33.556873873873876,-7.589432511013884,LTE,Casablanca,0,0,1.8,macro
GRID_200,33.556873873873876,-7.588675616739588,5G NSA,Casablanca,0,1,3.5,micro
GRID_201,33.556873873873876,-7.587918722465292,LTE,Casablanca,0,0,1.8,macro
GRID_202,33.556873873873876,-7.587161828190997,5G NSA,Casablanca,0,1,3.5,micro
GRID_203,33.556873873873876,-7.586404933916701,LTE,Casablanca,0,0,1.8,macro
GRID_204,33.556873873873876,-7.585648039642405,5G NSA,Casablanca,0,1,3.5,micro
GRID_205,33.556873873873876,-7.584891145368109,LTE,Casablanca,0,0,1.8,macro
GRID_206,33.556873873873876,-7.584134251093814,5G NSA,Casablanca,0,1,3.5,micro
GRID_207,33.556873873873876,-7.583377356819518,LTE,Casablanca,0,0,1.8,macro
GRID_208,33.556873873873876,-7.582620462545223,5G NSA,Casablanca,0,1,3.5,micro
GRID_209,33.556873873873876,-7.581863568270927,LTE,Casablanca,0,0,1.8,macro
GRID_210,33.556873873873876,-7.581106673996631,5G NSA,Casablanca,0,1,3.5,micro
GRID_211,33.556873873873876,-7.580349779722336,LTE,Casablanca,0,0,1.8,macro
GRID_212,33.556873873873876,-7.57959288544804,5G NSA,Casablanca,0,1,3.5,micro
GRID_213,33.556873873873876,-7.578835991173745,LTE,Casablanca,0,0,1.8,macro
GRID_214,33.556873873873876,-7.578079096899448,5G NSA,Casablanca,0,1,3.5,micro
GRID_215,33.556873873873876,-7.577322202625153,LTE,Casablanca,0,0,1.8,macro
GRID_216,33.556873873873876,-7.576565308350857,5G NSA,Casablanca,0,1,3.5,micro
GRID_217,33.556873873873876,-7.575808414076562,LTE,Casablanca,0,0,1.8,macro
GRID_218,33.556873873873876,-7.575051519802265,5G NSA,Casablanca,0,1,3.5,micro
GRID_219,33.556873873873876,-7.57429462552797,LTE,Casablanca,0,0,1.8,macro
GRID_220,33.556873873873876,-7.5735377312536745,5G NSA,Casablanca,0,1,3.5,micro
GRID_221,33.556873873873876,-7.572780836979379,LTE,Casablanca,0,0,1.8,macro
GRID_222,33.556873873873876,-7.5720239427050835,5G NSA,Casablanca,0,1,3.5,micro
GRID_223,33.556873873873876,-7.571267048430787,LTE,Casablanca,0,0,1.8,macro
GRID_224,33.556873873873876,-7.570510154156492,5G NSA,Casablanca,0,1,3.5,micro
GRID_225,33.556873873873876,-7.569753259882196,LTE,Casablanca,0,0,1.8,macro
GRID_226,33.556873873873876,-7.568996365607901,5G NSA,Casablanca,0,1,3.5,micro
GRID_227,33.556873873873876,-7.568239471333605,LTE,Casablanca,0,0,1.8,macro
GRID_228,33.55750450450451,-7.610625550694163,5G NSA,Casablanca,0,1,3.5,micro
GRID_229,33.55750450450451,-7.6098686564198665,LTE,Casablanca,0,0,1.8,macro
GRID_230,33.55750450450451,-7.609111762145571,5G NSA,Casablanca,0,1,3.5,micro
GRID_231,33.55750450450451,-7.608354867871276,LTE,Casablanca,0,0,1.8,macro
GRID_232,33.55750450450451,-7.60759797359698,5G NSA,Casablanca,0,1,3.5,micro
GRID_233,33.55750450450451,-7.606841079322685,LTE,Casablanca,0,0,1.8,macro
GRID_234,33.55750450450451,-7.606084185048388,5G NSA,Casablanca,0,1,3.5,micro
GRID_235,33.55750450450451,-7.605327290774093,LTE,Casablanca,0,0,1.8,macro
GRID_236,33.55750450450451,-7.604570396499797,5G NSA,Casablanca,0,1,3.5,micro
GRID_237,33.55750450450451,-7.603813502225502,LTE,Casablanca,0,0,1.8,macro
GRID_238,33.55750450450451,-7.603056607951205,5G NSA,Casablanca,0,1,3.5,micro
GRID_239,33.55750450450451,-7.60229971367691,LTE,Casablanca,0,0,1.8,macro
GRID_240,33.55750450450451,-7.6015428194026144,5G NSA,Casablanca,0,1,3.5,micro
GRID_241,33.55750450450451,-7.600785925128319,LTE,Casablanca,0,0,1.8,macro
GRID_242,33.55750450450451,-7.6000290308540235,5G NSA,Casablanca,0,1,3.5,micro
GRID_243,33.55750450450451,-7.599272136579727,LTE,Casablanca,0,0,1.8,macro
GRID_244,33.55750450450451,-7.598515242305432,5G NSA,Casablanca,0,1,3.5,micro
GRID_245,33.55750450450451,-7.597758348031136,LTE,Casablanca,0,0,1.8,macro
GRID_246,33.55750450450451,-7.597001453756841,5G NSA,Casablanca,0,1,3.5,micro
GRID_247,33.55750450450451,-7.596244559482544,LTE,Casablanca,0,0,1.8,macro
GRID_248,33.55750450450451,-7.595487665208249,5G NSA,Casablanca,0,1,3.5,micro
GRID_249,33.55750450450451,-7.594730770933953,LTE,Casablanca,0,0,1.8,macro
GRID_250,33.55750450450451,-7.593973876659658,5G NSA,Casablanca,0,1,3.5,micro
GRID_251,33.55750450450451,-7.593216982385362,LTE,Casablanca,0,0,1.8,macro
GRID_252,33.55750450450451,-7.592460088111066,5G NSA,Casablanca,0,1,3.5,micro
GRID_253,33.55750450450451,-7.5917031938367705,LTE,Casablanca,0,0,1.8,macro
GRID_254,33.55750450450451,-7.590946299562475,5G NSA,Casablanca,0,1,3.5,micro
GRID_255,33.55750450450451,-7.5901894052881795,LTE,Casablanca,0,0,1.8,macro
GRID_256,33.55750450450451,-7.589432511013884,5G NSA,Casablanca,0,1,3.5,micro
GRID_257,33.55750450450451,-7.588675616739588,LTE,Casablanca,0,0,1.8,macro
GRID_258,33.55750450450451,-7.587918722465292,5G NSA,Casablanca,0,1,3.5,micro
GRID_259,33.55750450450451,-7.587161828190997,LTE,Casablanca,0,0,1.8,macro
GRID_260,33.55750450450451,-7.586404933916701,5G NSA,Casablanca,0,1,3.5,micro
GRID_261,33.55750450450451,-7.585648039642405,LTE,Casablanca,0,0,1.8,macro
GRID_262,33.55750450450451,-7.584891145368109,5G NSA,Casablanca,0,1,3.5,micro
GRID_263,33.55750450450451,-7.584134251093814,LTE,Casablanca,0,0,1.8,macro
GRID_264,33.55750450450451,-7.583377356819518,5G NSA,Casablanca,0,1,3.5,micro
GRID_265,33.55750450450451,-7.582620462545223,LTE,Casablanca,0,0,1.8,macro
GRID_266,33.55750450450451,-7.581863568270927,5G NSA,Casablanca,0,1,3.5,micro
GRID_267,33.55750450450451,-7.581106673996631,LTE,Casablanca,0,0,1.8,macro
GRID_268,33.55750450450451,-7.580349779722336,5G NSA,Casablanca,0,1,3.5,micro
GRID_269,33.55750450450451,-7.57959288544804,LTE,Casablanca,0,0,1.8,macro
GRID_270,33.55750450450451,-7.578835991173745,5G NSA,Casablanca,0,1,3.5,micro
GRID_271,33.55750450450451,-7.578079096899448,LTE,Casablanca,0,0,1.8,macro
GRID_272,33.55750450450451,-7.577322202625153,5G NSA,Casablanca,0,1,3.5,micro
GRID_273,33.55750450450451,-7.576565308350857,LTE,Casablanca,0,0,1.8,macro
GRID_274,33.55750450450451,-7.575808414076562,5G NSA,Casablanca,0,1,3.5,micro
GRID_275,33.55750450450451,-7.575051519802265,LTE,Casablanca,0,0,1.8,macro
GRID_276,33.55750450450451,-7.57429462552797,5G NSA,Casablanca,0,1,3.5,micro
GRID_277,33.55750450450451,-7.5735377312536745,LTE,Casablanca,0,0,1.8,macro
GRID_278,33.55750450450451,-7.572780836979379,5G NSA,Casablanca,0,1,3.5,micro
GRID_279,33.55750450450451,-7.5720239427050835,LTE,Casablanca,0,0,1.8,macro
GRID_280,33.55750450450451,-7.571267048430787,5G NSA,Casablanca,0,1,3.5,micro
GRID_281,33.55750450450451,-7.570510154156492,LTE,Casablanca,0,0,1.8,macro
GRID_282,33.55750450450451,-7.569753259882196,5G NSA,Casablanca,0,1,3.5,micro
GRID_283,33.55750450450451,-7.568996365607901,LTE,Casablanca,0,0,1.8,macro
GRID_284,33.55750450450451,-7.568239471333605,5G NSA,Casablanca,0,1,3.5,micro
GRID_285,33.55813513513514,-7.610625550694163,LTE,Casablanca,0,0,1.8,macro
GRID_286,33.55813513513514,-7.6098686564198665,5G NSA,Casablanca,0,1,3.5,micro
GRID_287,33.55813513513514,-7.609111762145571,LTE,Casablanca,0,0,1.8,macro
GRID_288,33.55813513513514,-7.608354867871276,5G NSA,Casablanca,0,1,3.5,micro
GRID_289,33.55813513513514,-7.60759797359698,LTE,Casablanca,0,0,1.8,macro
GRID_290,33.55813513513514,-7.606841079322685,5G NSA,Casablanca,0,1,3.5,micro
GRID_291,33.55813513513514,-7.606084185048388,LTE,Casablanca,0,0,1.8,macro
GRID_292,33.55813513513514,-7.605327290774093,5G NSA,Casablanca,0,1,3.5,micro
GRID_293,33.55813513513514,-7.604570396499797,LTE,Casablanca,0,0,1.8,macro
GRID_294,33.55813513513514,-7.603813502225502,5G NSA,Casablanca,0,1,3.5,micro
GRID_295,33.55813513513514,-7.603056607951205,LTE,Casablanca,0,0,1.8,macro
GRID_296,33.55813513513514,-7.60229971367691,5G NSA,Casablanca,0,1,3.5,micro
GRID_297,33.55813513513514,-7.6015428194026144,LTE,Casablanca,0,0,1.8,macro
GRID_298,33.55813513513514,-7.600785925128319,5G NSA,Casablanca,0,1,3.5,micro
GRID_299,33.55813513513514,-7.6000290308540235,LTE,Casablanca,0,0,1.8,macro
GRID_300,33.55813513513514,-7.599272136579727,5G NSA,Casablanca,0,1,3.5,micro
GRID_301,33.55813513513514,-7.598515242305432,LTE,Casablanca,0,0,1.8,macro
GRID_302,33.55813513513514,-7.597758348031136,5G NSA,Casablanca,0,1,3.5,micro
GRID_303,33.55813513513514,-7.597001453756841,LTE,Casablanca,0,0,1.8,macro
GRID_304,33.55813513513514,-7.596244559482544,5G NSA,Casablanca,0,1,3.5,micro
GRID_305,33.55813513513514,-7.595487665208249,LTE,Casablanca,0,0,1.8,macro
GRID_306,33.55813513513514,-7.594730770933953,5G NSA,Casablanca,0,1,3.5,micro
GRID_307,33.55813513513514,-7.593973876659658,LTE,Casablanca,0,0,1.8,macro
GRID_308,33.55813513513514,-7.593216982385362,5G NSA,Casablanca,0,1,3.5,micro
GRID_309,33.55813513513514,-7.592460088111066,LTE,Casablanca,0,0,1.8,macro
GRID_310,33.55813513513514,-7.5917031938367705,5G NSA,Casablanca,0,1,3.5,micro
GRID_311,33.55813513513514,-7.590946299562475,LTE,Casablanca,0,0,1.8,macro
GRID_312,33.55813513513514,-7.5901894052881795,5G NSA,Casablanca,0,1,3.5,micro
GRID_313,33.55813513513514,-7.589432511013884,LTE,Casablanca,0,0,1.8,macro
GRID_314,33.55813513513514,-7.588675616739588,5G NSA,Casablanca,0,1,3.5,micro
GRID_315,33.55813513513514,-7.587918722465292,LTE,Casablanca,0,0,1.8,macro
GRID_316,33.55813513513514,-7.587161828190997,5G NSA,Casablanca,0,1,3.5,micro
GRID_317,33.55813513513514,-7.586404933916701,LTE,Casablanca,0,0,1.8,macro
GRID_318,33.55813513513514,-7.585648039642405,5G NSA,Casablanca,0,1,3.5,micro
GRID_319,33.55813513513514,-7.584891145368109,LTE,Casablanca,0,0,1.8,macro
GRID_320,33.55813513513514,-7.584134251093814,5G NSA,Casablanca,0,1,3.5,micro
GRID_321,33.55813513513514,-7.583377356819518,LTE,Casablanca,0,0,1.8,macro
GRID_322,33.55813513513514,-7.582620462545223,5G NSA,Casablanca,0,1,3.5,micro
GRID_323,33.55813513513514,-7.581863568270927,LTE,Casablanca,0,0,1.8,macro
GRID_324,33.55813513513514,-7.581106673996631,5G NSA,Casablanca,0,1,3.5,micro
GRID_325,33.55813513513514,-7.580349779722336,LTE,Casablanca,0,0,1.8,macro
GRID_326,33.55813513513514,-7.57959288544804,5G NSA,Casablanca,0,1,3.5,micro
GRID_327,33.55813513513514,-7.578835991173745,LTE,Casablanca,0,0,1.8,macro
GRID_328,33.55813513513514,-7.578079096899448,5G NSA,Casablanca,0,1,3.5,micro
GRID_329,33.55813513513514,-7.577322202625153,LTE,Casablanca,0,0,1.8,macro
GRID_330,33.55813513513514,-7.576565308350857,5G NSA,Casablanca,0,1,3.5,micro
GRID_331,33.55813513513514,-7.575808414076562,LTE,Casablanca,0,0,1.8,macro
GRID_332,33.55813513513514,-7.575051519802265,5G NSA,Casablanca,0,1,3.5,micro
GRID_333,33.55813513513514,-7.57429462552797,LTE,Casablanca,0,0,1.8,macro
GRID_334,33.55813513513514,-7.5735377312536745,5G NSA,Casablanca,0,1,3.5,micro
GRID_335,33.55813513513514,-7.572780836979379,LTE,Casablanca,0,0,1.8,macro
GRID_336,33.55813513513514,-7.5720239427050835,5G NSA,Casablanca,0,1,3.5,micro
GRID_337,33.55813513513514,-7.571267048430787,LTE,Casablanca,0,0,1.8,macro
GRID_338,33.55813513513514,-7.570510154156492,5G NSA,Casablanca,0,1,3.5,micro
GRID_339,33.55813513513514,-7.569753259882196,LTE,Casablanca,0,0,1.8,macro
GRID_340,33.55813513513514,-7.568996365607901,5G NSA,Casablanca,0,1,3.5,micro
GRID_341,33.55813513513514,-7.568239471333605,LTE,Casablanca,0,0,1.8,macro
GRID_342,33.55876576576576,-7.610625550694163,5G NSA,Casablanca,0,1,3.5,micro
GRID_343,33.55876576576576,-7.6098686564198665,LTE,Casablanca,0,0,1.8,macro
GRID_344,33.55876576576576,-7.609111762145571,5G NSA,Casablanca,0,1,3.5,micro
GRID_345,33.55876576576576,-7.608354867871276,LTE,Casablanca,0,0,1.8,macro
GRID_346,33.55876576576576,-7.60759797359698,5G NSA,Casablanca,0,1,3.5,micro
GRID_347,33.55876576576576,-7.606841079322685,LTE,Casablanca,0,0,1.8,macro
GRID_348,33.55876576576576,-7.606084185048388,5G NSA,Casablanca,0,1,3.5,micro
GRID_349,33.55876576576576,-7.605327290774093,LTE,Casablanca,0,0,1.8,macro
GRID_350,33.55876576576576,-7.604570396499797,5G NSA,Casablanca,0,1,3.5,micro
GRID_351,33.55876576576576,-7.603813502225502,LTE,Casablanca,0,0,1.8,macro
GRID_352,33.55876576576576,-7.603056607951205,5G NSA,Casablanca,0,1,3.5,micro
GRID_353,33.55876576576576,-7.60229971367691,LTE,Casablanca,0,0,1.8,macro
GRID_354,33.55876576576576,-7.6015428194026144,5G NSA,Casablanca,0,1,3.5,micro
GRID_355,33.55876576576576,-7.600785925128319,LTE,Casablanca,0,0,1.8,macro
GRID_356,33.55876576576576,-7.6000290308540235,5G NSA,Casablanca,0,1,3.5,micro
GRID_357,33.55876576576576,-7.599272136579727,LTE,Casablanca,0,0,1.8,macro
GRID_358,33.55876576576576,-7.598515242305432,5G NSA,Casablanca,0,1,3.5,micro
GRID_359,33.55876576576576,-7.597758348031136,LTE,Casablanca,0,0,1.8,macro
GRID_360,33.55876576576576,-7.597001453756841,5G NSA,Casablanca,0,1,3.5,micro
GRID_361,33.55876576576576,-7.596244559482544,LTE,Casablanca,0,0,1.8,macro
GRID_362,33.55876576576576,-7.595487665208249,5G NSA,Casablanca,0,1,3.5,micro
GRID_363,33.55876576576576,-7.594730770933953,LTE,Casablanca,0,0,1.8,macro
GRID_364,33.55876576576576,-7.593973876659658,5G NSA,Casablanca,0,1,3.5,micro
GRID_365,33.55876576576576,-7.593216982385362,LTE,Casablanca,0,0,1.8,macro
GRID_366,33.55876576576576,-7.592460088111066,5G NSA,Casablanca,0,1,3.5,micro
GRID_367,33.55876576576576,-7.5917031938367705,LTE,Casablanca,0,0,1.8,macro
GRID_368,33.55876576576576,-7.590946299562475,5G NSA,Casablanca,0,1,3.5,micro
GRID_369,33.55876576576576,-7.5901894052881795,LTE,Casablanca,0,0,1.8,macro
GRID_370,33.55876576576576,-7.589432511013884,5G NSA,Casablanca,0,1,3.5,micro
GRID_371,33.55876576576576,-7.588675616739588,LTE,Casablanca,0,0,1.8,macro
GRID_372,33.55876576576576,-7.587918722465292,5G NSA,Casablanca,0,1,3.5,micro
GRID_373,33.55876576576576,-7.587161828190997,LTE,Casablanca,0,0,1.8,macro
GRID_374,33.55876576576576,-7.586404933916701,5G NSA,Casablanca,0,1,3.5,micro
GRID_375,33.55876576576576,-7.585648039642405,LTE,Casablanca,0,0,1.8,macro
GRID_376,33.55876576576576,-7.584891145368109,5G NSA,Casablanca,0,1,3.5,micro
GRID_377,33.55876576576576,-7.584134251093814,LTE,Casablanca,0,0,1.8,macro
GRID_378,33.55876576576576,-7.583377356819518,5G NSA,Casablanca,0,1,3.5,micro
GRID_379,33.55876576576576,-7.582620462545223,LTE,Casablanca,0,0,1.8,macro
GRID_380,33.55876576576576,-7.581863568270927,5G NSA,Casablanca,0,1,3.5,micro
GRID_381,33.55876576576576,-7.581106673996631,LTE,Casablanca,0,0,1.8,macro
GRID_382,33.55876576576576,-7.580349779722336,5G NSA,Casablanca,0,1,3.5,micro
GRID_383,33.55876576576576,-7.57959288544804,LTE,Casablanca,0,0,1.8,macro
GRID_384,33.55876576576576,-7.578835991173745,5G NSA,Casablanca,0,1,3.5,micro
GRID_385,33.55876576576576,-7.578079096899448,LTE,Casablanca,0,0,1.8,macro
GRID_386,33.55876576576576,-7.577322202625153,5G NSA,Casablanca,0,1,3.5,micro
GRID_387,33.55876576576576,-7.576565308350857,LTE,Casablanca,0,0,1.8,macro
GRID_388,33.55876576576576,-7.575808414076562,5G NSA,Casablanca,0,1,3.5,micro
GRID_389,33.55876576576576,-7.575051519802265,LTE,Casablanca,0,0,1.8,macro
GRID_390,33.55876576576576,-7.57429462552797,5G NSA,Casablanca,0,1,3.5,micro
GRID_391,33.55876576576576,-7.5735377312536745,LTE,Casablanca,0,0,1.8,macro
GRID_392,33.55876576576576,-7.572780836979379,5G NSA,Casablanca,0,1,3.5,micro
GRID_393,33.55876576576576,-7.5720239427050835,LTE,Casablanca,0,0,1.8,macro
GRID_394,33.55876576576576,-7.571267048430787,5G NSA,Casablanca,0,1,3.5,micro
GRID_395,33.55876576576576,-7.570510154156492,LTE,Casablanca,0,0,1.8,macro
GRID_396,33.55876576576576,-7.569753259882196,5G NSA,Casablanca,0,1,3.5,micro
GRID_397,33.55876576576576,-7.568996365607901,LTE,Casablanca,0,0,1.8,macro
GRID_398,33.55876576576576,-7.568239471333605,5G NSA,Casablanca,0,1,3.5,micro
GRID_399,33.559396396396394,-7.610625550694163,LTE,Casablanca,0,0,1.8,macro
GRID_400,33.559396396396394,-7.6098686564198665,5G NSA,Casablanca,0,1,3.5,micro
GRID_401,33.559396396396394,-7.609111762145571,LTE,Casablanca,0,0,1.8,macro
GRID_402,33.559396396396394,-7.608354867871276,5G NSA,Casablanca,0,1,3.5,micro
GRID_403,33.559396396396394,-7.60759797359698,LTE,Casablanca,0,0,1.8,macro
GRID_404,33.559396396396394,-7.606841079322685,5G NSA,Casablanca,0,1,3.5,micro
GRID_405,33.559396396396394,-7.606084185048388,LTE,Casablanca,0,0,1.8,macro
GRID_406,33.559396396396394,-7.605327290774093,5G NSA,Casablanca,0,1,3.5,micro
GRID_407,33.559396396396394,-7.604570396499797,LTE,Casablanca,0,0,1.8,macro
GRID_408,33.559396396396394,-7.603813502225502,5G NSA,Casablanca,0,1,3.5,micro
GRID_409,33.559396396396394,-7.603056607951205,LTE,Casablanca,0,0,1.8,macro
GRID_410,33.559396396396394,-7.60229971367691,5G NSA,Casablanca,0,1,3.5,micro
GRID_411,33.559396396396394,-7.6015428194026144,LTE,Casablanca,0,0,1.8,macro
GRID_412,33.559396396396394,-7.600785925128319,5G NSA,Casablanca,0,1,3.5,micro
GRID_413,33.559396396396394,-7.6000290308540235,LTE,Casablanca,0,0,1.8,macro
GRID_414,33.559396396396394,-7.599272136579727,5G NSA,Casablanca,0,1,3.5,micro
GRID_415,33.559396396396394,-7.598515242305432,LTE,Casablanca,0,0,1.8,macro
GRID_416,33.559396396396394,-7.597758348031136,5G NSA,Casablanca,0,1,3.5,micro
GRID_417,33.559396396396394,-7.597001453756841,LTE,Casablanca,0,0,1.8,macro
GRID_418,33.559396396396394,-7.596244559482544,5G NSA,Casablanca,0,1,3.5,micro
GRID_419,33.559396396396394,-7.595487665208249,LTE,Casablanca,0,0,1.8,macro
GRID_420,33.559396396396394,-7.594730770933953,5G NSA,Casablanca,0,1,3.5,micro
GRID_421,33.559396396396394,-7.593973876659658,LTE,Casablanca,0,0,1.8,macro
GRID_422,33.559396396396394,-7.593216982385362,5G NSA,Casablanca,0,1,3.5,micro
GRID_423,33.559396396396394,-7.592460088111066,LTE,Casablanca,0,0,1.8,macro
GRID_424,33.559396396396394,-7.5917031938367705,5G NSA,Casablanca,0,1,3.5,micro
GRID_425,33.559396396396394,-7.590946299562475,LTE,Casablanca,0,0,1.8,macro
GRID_426,33.559396396396394,-7.5901894052881795,5G NSA,Casablanca,0,1,3.5,micro
GRID_427,33.559396396396394,-7.589432511013884,LTE,Casablanca,0,0,1.8,macro
GRID_428,33.559396396396394,-7.588675616739588,5G NSA,Casablanca,0,1,3.5,micro
GRID_429,33.559396396396394,-7.587918722465292,LTE,Casablanca,0,0,1.8,macro
GRID_430,33.559396396396394,-7.587161828190997,5G NSA,Casablanca,0,1,3.5,micro
GRID_431,33.559396396396394,-7.586404933916701,LTE,Casablanca,0,0,1.8,macro
GRID_432,33.559396396396394,-7.585648039642405,5G NSA,Casablanca,0,1,3.5,micro
GRID_433,33.559396396396394,-7.584891145368109,LTE,Casablanca,0,0,1.8,macro
GRID_434,33.559396396396394,-7.584134251093814,5G NSA,Casablanca,0,1,3.5,micro
GRID_435,33.559396396396394,-7.583377356819518,LTE,Casablanca,0,0,1.8,macro
GRID_436,33.559396396396394,-7.582620462545223,5G NSA,Casablanca,0,1,3.5,micro
GRID_437,33.559396396396394,-7.581863568270927,LTE,Casablanca,0,0,1.8,macro
GRID_438,33.559396396396394,-7.581106673996631,5G NSA,Casablanca,0,1,3.5,micro
GRID_439,33.559396396396394,-7.580349779722336,LTE,Casablanca,0,0,1.8,macro
GRID_440,33.559396396396394,-7.57959288544804,5G NSA,Casablanca,0,1,3.5,micro
GRID_441,33.559396396396394,-7.578835991173745,LTE,Casablanca,0,0,1.8,macro
GRID_442,33.559396396396394,-7.578079096899448,5G NSA,Casablanca,0,1,3.5,micro
GRID_443,33.559396396396394,-7.577322202625153,LTE,Casablanca,0,0,1.8,macro
GRID_444,33.559396396396394,-7.576565308350857,5G NSA,Casablanca,0,1,3.5,micro
GRID_445,33.559396396396394,-7.575808414076562,LTE,Casablanca,0,0,1.8,macro
GRID_446,33.559396396396394,-7.575051519802265,5G NSA,Casablanca,0,1,3.5,micro
GRID_447,33.559396396396394,-7.57429462552797,LTE,Casablanca,0,0,1.8,macro
GRID_448,33.559396396396394,-7.5735377312536745,5G NSA,Casablanca,0,1,3.5,micro
GRID_449,33.559396396396394,-7.572780836979379,LTE,Casablanca,0,0,1.8,macro
GRID_450,33.559396396396394,-7.5720239427050835,5G NSA,Casablanca,0,1,3.5,micro
GRID_451,33.559396396396394,-7.571267048430787,LTE,Casablanca,0,0,1.8,macro
GRID_452,33.559396396396394,-7.570510154156492,5G NSA,Casablanca,0,1,3.5,micro
GRID_453,33.559396396396394,-7.569753259882196,LTE,Casablanca,0,0,1.8,macro
GRID_454,33.559396396396394,-7.568996365607901,5G NSA,Casablanca,0,1,3.5,micro
GRID_455,33.559396396396394,-7.568239471333605,LTE,Casablanca,0,0,1.8,macro
GRID_456,33.560027027027026,-7.610625550694163,5G NSA,Casablanca,0,1,3.5,micro
GRID_457,33.560027027027026,-7.6098686564198665,LTE,Casablanca,0,0,1.8,macro
GRID_458,33.560027027027026,-7.609111762145571,5G NSA,Casablanca,0,1,3.5,micro
GRID_459,33.560027027027026,-7.608354867871276,LTE,Casablanca,0,0,1.8,macro
GRID_460,33.560027027027026,-7.60759797359698,5G NSA,Casablanca,0,1,3.5,micro
GRID_461,33.560027027027026,-7.606841079322685,LTE,Casablanca,0,0,1.8,macro
GRID_462,33.560027027027026,-7.606084185048388,5G NSA,Casablanca,0,1,3.5,micro
GRID_463,33.560027027027026,-7.605327290774093,LTE,Casablanca,0,0,1.8,macro
GRID_464,33.560027027027026,-7.604570396499797,5G NSA,Casablanca,0,1,3.5,micro
GRID_465,33.560027027027026,-7.603813502225502,LTE,Casablanca,0,0,1.8,macro
GRID_466,33.560027027027026,-7.603056607951205,5G NSA,Casablanca,0,1,3.5,micro
GRID_467,33.560027027027026,-7.60229971367691,LTE,Casablanca,0,0,1.8,macro
GRID_468,33.560027027027026,-7.6015428194026144,5G NSA,Casablanca,0,1,3.5,micro
GRID_469,33.560027027027026,-7.600785925128319,LTE,Casablanca,0,0,1.8,macro
GRID_470,33.560027027027026,-7.6000290308540235,5G NSA,Casablanca,0,1,3.5,micro
GRID_471,33.560027027027026,-7.599272136579727,LTE,Casablanca,0,0,1.8,macro
GRID_472,33.560027027027026,-7.598515242305432,5G NSA,Casablanca,0,1,3.5,micro
GRID_473,33.560027027027026,-7.597758348031136,LTE,Casablanca,0,0,1.8,macro
GRID_474,33.560027027027026,-7.597001453756841,5G NSA,Casablanca,0,1,3.5,micro
GRID_475,33.560027027027026,-7.596244559482544,LTE,Casablanca,0,0,1.8,macro
GRID_476,33.560027027027026,-7.595487665208249,5G NSA,Casablanca,0,1,3.5,micro
GRID_477,33.560027027027026,-7.594730770933953,LTE,Casablanca,0,0,1.8,macro
GRID_478,33.560027027027026,-7.593973876659658,5G NSA,Casablanca,0,1,3.5,micro
GRID_479,33.560027027027026,-7.593216982385362,LTE,Casablanca,0,0,1.8,macro
GRID_480,33.560027027027026,-7.592460088111066,5G NSA,Casablanca,0,1,3.5,micro
GRID_481,33.560027027027026,-7.5917031938367705,LTE,Casablanca,0,0,1.8,macro
GRID_482,33.560027027027026,-7.590946299562475,5G NSA,Casablanca,0,1,3.5,micro
GRID_483,33.560027027027026,-7.5901894052881795,LTE,Casablanca,0,0,1.8,macro
GRID_484,33.560027027027026,-7.589432511013884,5G NSA,Casablanca,0,1,3.5,micro
GRID_485,33.560027027027026,-7.588675616739588,LTE,Casablanca,0,0,1.8,macro
GRID_486,33.560027027027026,-7.587918722465292,5G NSA,Casablanca,0,1,3.5,micro
GRID_487,33.560027027027026,-7.587161828190997,LTE,Casablanca,0,0,1.8,macro
GRID_488,33.560027027027026,-7.586404933916701,5G NSA,Casablanca,0,1,3.5,micro
GRID_489,33.560027027027026,-7.585648039642405,LTE,Casablanca,0,0,1.8,macro
GRID_490,33.560027027027026,-7.584891145368109,5G NSA,Casablanca,0,1,3.5,micro
GRID_491,33.560027027027026,-7.584134251093814,LTE,Casablanca,0,0,1.8,macro
GRID_492,33.560027027027026,-7.583377356819518,5G NSA,Casablanca,0,1,3.5,micro
GRID_493,33.560027027027026,-7.582620462545223,LTE,Casablanca,0,0,1.8,macro
GRID_494,33.560027027027026,-7.581863568270927,5G NSA,Casablanca,0,1,3.5,micro
GRID_495,33.560027027027026,-7.581106673996631,LTE,Casablanca,0,0,1.8,macro
GRID_496,33.560027027027026,-7.580349779722336,5G NSA,Casablanca,0,1,3.5,micro
GRID_497,33.560027027027026,-7.57959288544804,LTE,Casablanca,0,0,1.8,macro
GRID_498,33.560027027027026,-7.578835991173745,5G NSA,Casablanca,0,1,3.5,micro
GRID_499,33.560027027027026,-7.578079096899448,LTE,Casablanca,0,0,1.8,macro
GRID_500,33.560027027027026,-7.577322202625153,5G NSA,Casablanca,0,1,3.5,micro
GRID_501,33.560027027027026,-7.576565308350857,LTE,Casablanca,0,0,1.8,macro
GRID_502,33.560027027027026,-7.575808414076562,5G NSA,Casablanca,0,1,3.5,micro
GRID_503,33.560027027027026,-7.575051519802265,LTE,Casablanca,0,0,1.8,macro
GRID_504,33.560027027027026,-7.57429462552797,5G NSA,Casablanca,0,1,3.5,micro
GRID_505,33.560027027027026,-7.5735377312536745,LTE,Casablanca,0,0,1.8,macro
GRID_506,33.560027027027026,-7.572780836979379,5G NSA,Casablanca,0,1,3.5,micro
GRID_507,33.560027027027026,-7.5720239427050835,LTE,Casablanca,0,0,1.8,macro
GRID_508,33.560027027027026,-7.571267048430787,5G NSA,Casablanca,0,1,3.5,micro
GRID_509,33.560027027027026,-7.570510154156492,LTE,Casablanca,0,0,1.8,macro
GRID_510,33.560027027027026,-7.569753259882196,5G NSA,Casablanca,0,1,3.5,micro
GRID_511,33.560027027027026,-7.568996365607901,LTE,Casablanca,0,0,1.8,macro
GRID_512,33.560027027027026,-7.568239471333605,5G NSA,Casablanca,0,1,3.5,micro
GRID_513,33.56065765765766,-7.610625550694163,LTE,Casablanca,0,0,1.8,macro
GRID_514,33.56065765765766,-7.6098686564198665,5G NSA,Casablanca,0,1,3.5,micro
GRID_515,33.56065765765766,-7.609111762145571,LTE,Casablanca,0,0,1.8,macro
GRID_516,33.56065765765766,-7.608354867871276,5G NSA,Casablanca,0,1,3.5,micro
GRID_517,33.56065765765766,-7.60759797359698,LTE,Casablanca,0,0,1.8,macro
GRID_518,33.56065765765766,-7.606841079322685,5G NSA,Casablanca,0,1,3.5,micro
GRID_519,33.56065765765766,-7.606084185048388,LTE,Casablanca,0,0,1.8,macro
GRID_520,33.56065765765766,-7.605327290774093,5G NSA,Casablanca,0,1,3.5,micro
GRID_521,33.56065765765766,-7.604570396499797,LTE,Casablanca,0,0,1.8,macro
GRID_522,33.56065765765766,-7.603813502225502,5G NSA,Casablanca,0,1,3.5,micro
GRID_523,33.56065765765766,-7.603056607951205,LTE,Casablanca,0,0,1.8,macro
GRID_524,33.56065765765766,-7.60229971367691,5G NSA,Casablanca,0,1,3.5,micro
GRID_525,33.56065765765766,-7.6015428194026144,LTE,Casablanca,0,0,1.8,macro
GRID_526,33.56065765765766,-7.600785925128319,5G NSA,Casablanca,0,1,3.5,micro
GRID_527,33.56065765765766,-7.6000290308540235,LTE,Casablanca,0,0,1.8,macro
GRID_528,33.56065765765766,-7.599272136579727,5G NSA,Casablanca,0,1,3.5,micro
GRID_529,33.56065765765766,-7.598515242305432,LTE,Casablanca,0,0,1.8,macro
GRID_530,33.56065765765766,-7.597758348031136,5G NSA,Casablanca,0,1,3.5,micro
GRID_531,33.56065765765766,-7.597001453756841,LTE,Casablanca,0,0,1.8,macro
GRID_532,33.56065765765766,-7.596244559482544,5G NSA,Casablanca,0,1,3.5,micro
GRID_533,33.56065765765766,-7.595487665208249,LTE,Casablanca,0,0,1.8,macro
GRID_534,33.56065765765766,-7.594730770933953,5G NSA,Casablanca,0,1,3.5,micro
GRID_535,33.56065765765766,-7.593973876659658,LTE,Casablanca,0,0,1.8,macro
GRID_536,33.56065765765766,-7.593216982385362,5G NSA,Casablanca,0,1,3.5,micro
GRID_537,33.56065765765766,-7.592460088111066,LTE,Casablanca,0,0,1.8,macro
GRID_538,33.56065765765766,-7.5917031938367705,5G NSA,Casablanca,0,1,3.5,micro
GRID_539,33.56065765765766,-7.590946299562475,LTE,Casablanca,0,0,1.8,macro
GRID_540,33.56065765765766,-7.5901894052881795,5G NSA,Casablanca,0,1,3.5,micro
GRID_541,33.56065765765766,-7.589432511013884,LTE,Casablanca,0,0,1.8,macro
GRID_542,33.56065765765766,-7.588675616739588,5G NSA,Casablanca,0,1,3.5,micro
GRID_543,33.56065765765766,-7.587918722465292,LTE,Casablanca,0,0,1.8,macro
GRID_544,33.56065765765766,-7.587161828190997,5G NSA,Casablanca,0,1,3.5,micro
GRID_545,33.56065765765766,-7.586404933916701,LTE,Casablanca,0,0,1.8,macro
GRID_546,33.56065765765766,-7.585648039642405,5G NSA,Casablanca,0,1,3.5,micro
GRID_547,33.56065765765766,-7.584891145368109,LTE,Casablanca,0,0,1.8,macro
GRID_548,33.56065765765766,-7.584134251093814,5G NSA,Casablanca,0,1,3.5,micro
GRID_549,33.56065765765766,-7.583377356819518,LTE,Casablanca,0,0,1.8,macro
GRID_550,33.56065765765766,-7.582620462545223,5G NSA,Casablanca,0,1,3.5,micro
GRID_551,33.56065765765766,-7.581863568270927,LTE,Casablanca,0,0,1.8,macro
GRID_552,33.56065765765766,-7.581106673996631,5G NSA,Casablanca,0,1,3.5,micro
GRID_553,33.56065765765766,-7.580349779722336,LTE,Casablanca,0,0,1.8,macro
GRID_554,33.56065765765766,-7.57959288544804,5G NSA,Casablanca,0,1,3.5,micro
GRID_555,33.56065765765766,-7.578835991173745,LTE,Casablanca,0,0,1.8,macro
GRID_556,33.56065765765766,-7.578079096899448,5G NSA,Casablanca,0,1,3.5,micro
GRID_557,33.56065765765766,-7.577322202625153,LTE,Casablanca,0,0,1.8,macro
GRID_558,33.56065765765766,-7.576565308350857,5G NSA,Casablanca,0,1,3.5,micro
GRID_559,33.56065765765766,-7.575808414076562,LTE,Casablanca,0,0,1.8,macro
GRID_560,33.56065765765766,-7.575051519802265,5G NSA,Casablanca,0,1,3.5,micro
GRID_561,33.56065765765766,-7.57429462552797,LTE,Casablanca,0,0,1.8,macro
GRID_562,33.56065765765766,-7.5735377312536745,5G NSA,Casablanca,0,1,3.5,micro
GRID_563,33.56065765765766,-7.572780836979379,LTE,Casablanca,0,0,1.8,macro
GRID_564,33.56065765765766,-7.5720239427050835,5G NSA,Casablanca,0,1,3.5,micro
GRID_565,33.56065765765766,-7.571267048430787,LTE,Casablanca,0,0,1.8,macro
GRID_566,33.56065765765766,-7.570510154156492,5G NSA,Casablanca,0,1,3.5,micro
GRID_567,33.56065765765766,-7.569753259882196,LTE,Casablanca,0,0,1.8,macro
GRID_568,33.56065765765766,-7.568996365607901,5G NSA,Casablanca,0,1,3.5,micro
GRID_569,33.56065765765766,-7.568239471333605,LTE,Casablanca,0,0,1.8,macro
GRID_570,33.56128828828829,-7.610625550694163,5G NSA,Casablanca,0,1,3.5,micro
GRID_571,33.56128828828829,-7.6098686564198665,LTE,Casablanca,0,0,1.8,macro
GRID_572,33.56128828828829,-7.609111762145571,5G NSA,Casablanca,0,1,3.5,micro
GRID_573,33.56128828828829,-7.608354867871276,LTE,Casablanca,0,0,1.8,macro
GRID_574,33.56128828828829,-7.60759797359698,5G NSA,Casablanca,0,1,3.5,micro
GRID_575,33.56128828828829,-7.606841079322685,LTE,Casablanca,0,0,1.8,macro
GRID_576,33.56128828828829,-7.606084185048388,5G NSA,Casablanca,0,1,3.5,micro
GRID_577,33.56128828828829,-7.605327290774093,LTE,Casablanca,0,0,1.8,macro
GRID_578,33.56128828828829,-7.604570396499797,5G NSA,Casablanca,0,1,3.5,micro
GRID_579,33.56128828828829,-7.603813502225502,LTE,Casablanca,0,0,1.8,macro
GRID_580,33.56128828828829,-7.603056607951205,5G NSA,Casablanca,0,1,3.5,micro
GRID_581,33.56128828828829,-7.60229971367691,LTE,Casablanca,0,0,1.8,macro
GRID_582,33.56128828828829,-7.6015428194026144,5G NSA,Casablanca,0,1,3.5,micro
GRID_583,33.56128828828829,-7.600785925128319,LTE,Casablanca,0,0,1.8,macro
GRID_584,33.56128828828829,-7.6000290308540235,5G NSA,Casablanca,0,1,3.5,micro
GRID_585,33.56128828828829,-7.599272136579727,LTE,Casablanca,0,0,1.8,macro
GRID_586,33.56128828828829,-7.598515242305432,5G NSA,Casablanca,0,1,3.5,micro
GRID_587,33.56128828828829,-7.597758348031136,LTE,Casablanca,0,0,1.8,macro
GRID_588,33.56128828828829,-7.597001453756841,5G NSA,Casablanca,0,1,3.5,micro
GRID_589,33.56128828828829,-7.596244559482544,LTE,Casablanca,0,0,1.8,macro
GRID_590,33.56128828828829,-7.595487665208249,5G NSA,Casablanca,0,1,3.5,micro
GRID_591,33.56128828828829,-7.594730770933953,LTE,Casablanca,0,0,1.8,macro
GRID_592,33.56128828828829,-7.593973876659658,5G NSA,Casablanca,0,1,3.5,micro
GRID_593,33.56128828828829,-7.593216982385362,LTE,Casablanca,0,0,1.8,macro
GRID_594,33.56128828828829,-7.592460088111066,5G NSA,Casablanca,0,1,3.5,micro
GRID_595,33.56128828828829,-7.5917031938367705,LTE,Casablanca,0,0,1.8,macro
GRID_596,33.56128828828829,-7.590946299562475,5G NSA,Casablanca,0,1,3.5,micro
GRID_597,33.56128828828829,-7.5901894052881795,LTE,Casablanca,0,0,1.8,macro
GRID_598,33.56128828828829,-7.589432511013884,5G NSA,Casablanca,0,1,3.5,micro
GRID_599,33.56128828828829,-7.588675616739588,LTE,Casablanca,0,0,1.8,macro
GRID_600,33.56128828828829,-7.587918722465292,5G NSA,Casablanca,0,1,3.5,micro
GRID_601,33.56128828828829,-7.587161828190997,LTE,Casablanca,0,0,1.8,macro
GRID_602,33.56128828828829,-7.586404933916701,5G NSA,Casablanca,0,1,3.5,micro
GRID_603,33.56128828828829,-7.585648039642405,LTE,Casablanca,0,0,1.8,macro
GRID_604,33.56128828828829,-7.584891145368109,5G NSA,Casablanca,0,1,3.5,micro
GRID_605,33.56128828828829,-7.584134251093814,LTE,Casablanca,0,0,1.8,macro
GRID_606,33.56128828828829,-7.583377356819518,5G NSA,Casablanca,0,1,3.5,micro
GRID_607,33.56128828828829,-7.582620462545223,LTE,Casablanca,0,0,1.8,macro
GRID_608,33.56128828828829,-7.581863568270927,5G NSA,Casablanca,0,1,3.5,micro
GRID_609,33.56128828828829,-7.581106673996631,LTE,Casablanca,0,0,1.8,macro
GRID_610,33.56128828828829,-7.580349779722336,5G NSA,Casablanca,0,1,3.5,micro
GRID_611,33.56128828828829,-7.57959288544804,LTE,Casablanca,0,0,1.8,macro
GRID_612,33.56128828828829,-7.578835991173745,5G NSA,Casablanca,0,1,3.5,micro
GRID_613,33.56128828828829,-7.578079096899448,LTE,Casablanca,0,0,1.8,macro
GRID_614,33.56128828828829,-7.577322202625153,5G NSA,Casablanca,0,1,3.5,micro
GRID_615,33.56128828828829,-7.576565308350857,LTE,Casablanca,0,0,1.8,macro
GRID_616,33.56128828828829,-7.575808414076562,5G NSA,Casablanca,0,1,3.5,micro
GRID_617,33.56128828828829,-7.575051519802265,LTE,Casablanca,0,0,1.8,macro
GRID_618,33.56128828828829,-7.57429462552797,5G NSA,Casablanca,0,1,3.5,micro
GRID_619,33.56128828828829,-7.5735377312536745,LTE,Casablanca,0,0,1.8,macro
GRID_620,33.56128828828829,-7.572780836979379,5G NSA,Casablanca,0,1,3.5,micro
GRID_621,33.56128828828829,-7.5720239427050835,LTE,Casablanca,0,0,1.8,macro
GRID_622,33.56128828828829,-7.571267048430787,5G NSA,Casablanca,0,1,3.5,micro
GRID_623,33.56128828828829,-7.570510154156492,LTE,Casablanca,0,0,1.8,macro
GRID_624,33.56128828828829,-7.569753259882196,5G NSA,Casablanca,0,1,3.5,micro
GRID_625,33.56128828828829,-7.568996365607901,LTE,Casablanca,0,0,1.8,macro
GRID_626,33.56128828828829,-7.568239471333605,5G NSA,Casablanca,0,1,3.5,micro
GRID_627,33.56191891891892,-7.610625550694163,LTE,Casablanca,0,0,1.8,macro
GRID_628,33.56191891891892,-7.6098686564198665,5G NSA,Casablanca,0,1,3.5,micro
GRID_629,33.56191891891892,-7.609111762145571,LTE,Casablanca,0,0,1.8,macro
GRID_630,33.56191891891892,-7.608354867871276,5G NSA,Casablanca,0,1,3.5,micro
GRID_631,33.56191891891892,-7.60759797359698,LTE,Casablanca,0,0,1.8,macro
GRID_632,33.56191891891892,-7.606841079322685,5G NSA,Casablanca,0,1,3.5,micro
GRID_633,33.56191891891892,-7.606084185048388,LTE,Casablanca,0,0,1.8,macro
GRID_634,33.56191891891892,-7.605327290774093,5G NSA,Casablanca,0,1,3.5,micro
GRID_635,33.56191891891892,-7.604570396499797,LTE,Casablanca,0,0,1.8,macro
GRID_636,33.56191891891892,-7.603813502225502,5G NSA,Casablanca,0,1,3.5,micro
GRID_637,33.56191891891892,-7.603056607951205,LTE,Casablanca,0,0,1.8,macro
GRID_638,33.56191891891892,-7.60229971367691,5G NSA,Casablanca,0,1,3.5,micro
GRID_639,33.56191891891892,-7.6015428194026144,LTE,Casablanca,0,0,1.8,macro
GRID_640,33.56191891891892,-7.600785925128319,5G NSA,Casablanca,0,1,3.5,micro
GRID_641,33.56191891891892,-7.6000290308540235,LTE,Casablanca,0,0,1.8,macro
GRID_642,33.56191891891892,-7.599272136579727,5G NSA,Casablanca,0,1,3.5,micro
GRID_643,33.56191891891892,-7.598515242305432,LTE,Casablanca,0,0,1.8,macro
GRID_644,33.56191891891892,-7.597758348031136,5G NSA,Casablanca,0,1,3.5,micro
GRID_645,33.56191891891892,-7.597001453756841,LTE,Casablanca,0,0,1.8,macro
GRID_646,33.56191891891892,-7.596244559482544,5G NSA,Casablanca,0,1,3.5,micro
GRID_647,33.56191891891892,-7.595487665208249,LTE,Casablanca,0,0,1.8,macro
GRID_648,33.56191891891892,-7.594730770933953,5G NSA,Casablanca,0,1,3.5,micro
GRID_649,33.56191891891892,-7.593973876659658,LTE,Casablanca,0,0,1.8,macro
GRID_650,33.56191891891892,-7.593216982385362,5G NSA,Casablanca,0,1,3.5,micro
GRID_651,33.56191891891892,-7.592460088111066,LTE,Casablanca,0,0,1.8,macro
GRID_652,33.56191891891892,-7.5917031938367705,5G NSA,Casablanca,0,1,3.5,micro
GRID_653,33.56191891891892,-7.590946299562475,LTE,Casablanca,0,0,1.8,macro
GRID_654,33.56191891891892,-7.5901894052881795,5G NSA,Casablanca,0,1,3.5,micro
GRID_655,33.56191891891892,-7.589432511013884,LTE,Casablanca,0,0,1.8,macro
GRID_656,33.56191891891892,-7.588675616739588,5G NSA,Casablanca,0,1,3.5,micro
GRID_657,33.56191891891892,-7.587918722465292,LTE,Casablanca,0,0,1.8,macro
GRID_658,33.56191891891892,-7.587161828190997,5G NSA,Casablanca,0,1,3.5,micro
GRID_659,33.56191891891892,-7.586404933916701,LTE,Casablanca,0,0,1.8,macro
GRID_660,33.56191891891892,-7.585648039642405,5G NSA,Casablanca,0,1,3.5,micro
GRID_661,33.56191891891892,-7.584891145368109,LTE,Casablanca,0,0,1.8,macro
GRID_662,33.56191891891892,-7.584134251093814,5G NSA,Casablanca,0,1,3.5,micro
GRID_663,33.56191891891892,-7.583377356819518,LTE,Casablanca,0,0,1.8,macro
GRID_664,33.56191891891892,-7.582620462545223,5G NSA,Casablanca,0,1,3.5,micro
GRID_665,33.56191891891892,-7.581863568270927,LTE,Casablanca,0,0,1.8,macro
GRID_666,33.56191891891892,-7.581106673996631,5G NSA,Casablanca,0,1,3.5,micro
GRID_667,33.56191891891892,-7.580349779722336,LTE,Casablanca,0,0,1.8,macro
GRID_668,33.56191891891892,-7.57959288544804,5G NSA,Casablanca,0,1,3.5,micro
GRID_669,33.56191891891892,-7.578835991173745,LTE,Casablanca,0,0,1.8,macro
GRID_670,33.56191891891892,-7.578079096899448,5G NSA,Casablanca,0,1,3.5,micro
GRID_671,33.56191891891892,-7.577322202625153,LTE,Casablanca,0,0,1.8,macro
GRID_672,33.56191891891892,-7.576565308350857,5G NSA,Casablanca,0,1,3.5,micro
GRID_673,33.56191891891892,-7.575808414076562,LTE,Casablanca,0,0,1.8,macro
GRID_674,33.56191891891892,-7.575051519802265,5G NSA,Casablanca,0,1,3.5,micro
GRID_675,33.56191891891892,-7.57429462552797,LTE,Casablanca,0,0,1.8,macro
GRID_676,33.56191891891892,-7.5735377312536745,5G NSA,Casablanca,0,1,3.5,micro
GRID_677,33.56191891891892,-7.572780836979379,LTE,Casablanca,0,0,1.8,macro
GRID_678,33.56191891891892,-7.5720239427050835,5G NSA,Casablanca,0,1,3.5,micro
GRID_679,33.56191891891892,-7.571267048430787,LTE,Casablanca,0,0,1.8,macro
GRID_680,33.56191891891892,-7.570510154156492,5G NSA,Casablanca,0,1,3.5,micro
GRID_681,33.56191891891892,-7.569753259882196,LTE,Casablanca,0,0,1.8,macro
GRID_682,33.56191891891892,-7.568996365607901,5G NSA,Casablanca,0,1,3.5,micro
GRID_683,33.56191891891892,-7.568239471333605,LTE,Casablanca,0,0,1.8,macro
GRID_684,33.56254954954955,-7.610625550694163,5G NSA,Casablanca,0,1,3.5,micro
GRID_685,33.56254954954955,-7.6098686564198665,LTE,Casablanca,0,0,1.8,macro
GRID_686,33.56254954954955,-7.609111762145571,5G NSA,Casablanca,0,1,3.5,micro
GRID_687,33.56254954954955,-7.608354867871276,LTE,Casablanca,0,0,1.8,macro
GRID_688,33.56254954954955,-7.60759797359698,5G NSA,Casablanca,0,1,3.5,micro
GRID_689,33.56254954954955,-7.606841079322685,LTE,Casablanca,0,0,1.8,macro
GRID_690,33.56254954954955,-7.606084185048388,5G NSA,Casablanca,0,1,3.5,micro
GRID_691,33.56254954954955,-7.605327290774093,LTE,Casablanca,0,0,1.8,macro
GRID_692,33.56254954954955,-7.604570396499797,5G NSA,Casablanca,0,1,3.5,micro
GRID_693,33.56254954954955,-7.603813502225502,LTE,Casablanca,0,0,1.8,macro
GRID_694,33.56254954954955,-7.603056607951205,5G NSA,Casablanca,0,1,3.5,micro
GRID_695,33.56254954954955,-7.60229971367691,LTE,Casablanca,0,0,1.8,macro
GRID_696,33.56254954954955,-7.6015428194026144,5G NSA,Casablanca,0,1,3.5,micro
GRID_697,33.56254954954955,-7.600785925128319,LTE,Casablanca,0,0,1.8,macro
GRID_698,33.56254954954955,-7.6000290308540235,5G NSA,Casablanca,0,1,3.5,micro
GRID_699,33.56254954954955,-7.599272136579727,LTE,Casablanca,0,0,1.8,macro
GRID_700,33.56254954954955,-7.598515242305432,5G NSA,Casablanca,0,1,3.5,micro
GRID_701,33.56254954954955,-7.597758348031136,LTE,Casablanca,0,0,1.8,macro
GRID_702,33.56254954954955,-7.597001453756841,5G NSA,Casablanca,0,1,3.5,micro
GRID_703,33.56254954954955,-7.596244559482544,LTE,Casablanca,0,0,1.8,macro
GRID_704,33.56254954954955,-7.595487665208249,5G NSA,Casablanca,0,1,3.5,micro
GRID_705,33.56254954954955,-7.594730770933953,LTE,Casablanca,0,0,1.8,macro
GRID_706,33.56254954954955,-7.593973876659658,5G NSA,Casablanca,0,1,3.5,micro
GRID_707,33.56254954954955,-7.593216982385362,LTE,Casablanca,0,0,1.8,macro
GRID_708,33.56254954954955,-7.592460088111066,5G NSA,Casablanca,0,1,3.5,micro
GRID_709,33.56254954954955,-7.5917031938367705,LTE,Casablanca,0,0,1.8,macro
GRID_710,33.56254954954955,-7.590946299562475,5G NSA,Casablanca,0,1,3.5,micro
GRID_711,33.56254954954955,-7.5901894052881795,LTE,Casablanca,0,0,1.8,macro
GRID_712,33.56254954954955,-7.589432511013884,5G NSA,Casablanca,0,1,3.5,micro
GRID_713,33.56254954954955,-7.588675616739588,LTE,Casablanca,0,0,1.8,macro
GRID_714,33.56254954954955,-7.587918722465292,5G NSA,Casablanca,0,1,3.5,micro
GRID_715,33.56254954954955,-7.587161828190997,LTE,Casablanca,0,0,1.8,macro
GRID_716,33.56254954954955,-7.586404933916701,5G NSA,Casablanca,0,1,3.5,micro
GRID_717,33.56254954954955,-7.585648039642405,LTE,Casablanca,0,0,1.8,macro
GRID_718,33.56254954954955,-7.584891145368109,5G NSA,Casablanca,0,1,3.5,micro
GRID_719,33.56254954954955,-7.584134251093814,LTE,Casablanca,0,0,1.8,macro
GRID_720,33.56254954954955,-7.583377356819518,5G NSA,Casablanca,0,1,3.5,micro
GRID_721,33.56254954954955,-7.582620462545223,LTE,Casablanca,0,0,1.8,macro
GRID_722,33.56254954954955,-7.581863568270927,5G NSA,Casablanca,0,1,3.5,micro
GRID_723,33.56254954954955,-7.581106673996631,LTE,Casablanca,0,0,1.8,macro
GRID_724,33.56254954954955,-7.580349779722336,5G NSA,Casablanca,0,1,3.5,micro
GRID_725,33.56254954954955,-7.57959288544804,LTE,Casablanca,0,0,1.8,macro
GRID_726,33.56254954954955,-7.578835991173745,5G NSA,Casablanca,0,1,3.5,micro
GRID_727,33.56254954954955,-7.578079096899448,LTE,Casablanca,0,0,1.8,macro
GRID_728,33.56254954954955,-7.577322202625153,5G NSA,Casablanca,0,1,3.5,micro
GRID_729,33.56254954954955,-7.576565308350857,LTE,Casablanca,0,0,1.8,macro
GRID_730,33.56254954954955,-7.575808414076562,5G NSA,Casablanca,0,1,3.5,micro
GRID_731,33.56254954954955,-7.575051519802265,LTE,Casablanca,0,0,1.8,macro
GRID_732,33.56254954954955,-7.57429462552797,5G NSA,Casablanca,0,1,3.5,micro
GRID_733,33.56254954954955,-7.5735377312536745,LTE,Casablanca,0,0,1.8,macro
GRID_734,33.56254954954955,-7.572780836979379,5G NSA,Casablanca,0,1,3.5,micro
GRID_735,33.56254954954955,-7.5720239427050835,LTE,Casablanca,0,0,1.8,macro
GRID_736,33.56254954954955,-7.571267048430787,5G NSA,Casablanca,0,1,3.5,micro
GRID_737,33.56254954954955,-7.570510154156492,LTE,Casablanca,0,0,1.8,macro
GRID_738,33.56254954954955,-7.569753259882196,5G NSA,Casablanca,0,1,3.5,micro
GRID_739,33.56254954954955,-7.568996365607901,LTE,Casablanca,0,0,1.8,macro
GRID_740,33.56254954954955,-7.568239471333605,5G NSA,Casablanca,0,1,3.5,micro
GRID_741,33.56318018018018,-7.610625550694163,LTE,Casablanca,0,0,1.8,macro
GRID_742,33.56318018018018,-7.6098686564198665,5G NSA,Casablanca,0,1,3.5,micro
GRID_743,33.56318018018018,-7.609111762145571,LTE,Casablanca,0,0,1.8,macro
GRID_744,33.56318018018018,-7.608354867871276,5G NSA,Casablanca,0,1,3.5,micro
GRID_745,33.56318018018018,-7.60759797359698,LTE,Casablanca,0,0,1.8,macro
GRID_746,33.56318018018018,-7.606841079322685,5G NSA,Casablanca,0,1,3.5,micro
GRID_747,33.56318018018018,-7.606084185048388,LTE,Casablanca,0,0,1.8,macro
GRID_748,33.56318018018018,-7.605327290774093,5G NSA,Casablanca,0,1,3.5,micro
GRID_749,33.56318018018018,-7.604570396499797,LTE,Casablanca,0,0,1.8,macro
GRID_750,33.56318018018018,-7.603813502225502,5G NSA,Casablanca,0,1,3.5,micro
GRID_751,33.56318018018018,-7.603056607951205,LTE,Casablanca,0,0,1.8,macro
GRID_752,33.56318018018018,-7.60229971367691,5G NSA,Casablanca,0,1,3.5,micro
GRID_753,33.56318018018018,-7.6015428194026144,LTE,Casablanca,0,0,1.8,macro
GRID_754,33.56318018018018,-7.600785925128319,5G NSA,Casablanca,0,1,3.5,micro
GRID_755,33.56318018018018,-7.6000290308540235,LTE,Casablanca,0,0,1.8,macro
GRID_756,33.56318018018018,-7.599272136579727,5G NSA,Casablanca,0,1,3.5,micro
GRID_757,33.56318018018018,-7.598515242305432,LTE,Casablanca,0,0,1.8,macro
GRID_758,33.56318018018018,-7.597758348031136,5G NSA,Casablanca,0,1,3.5,micro
GRID_759,33.56318018018018,-7.597001453756841,LTE,Casablanca,0,0,1.8,macro
GRID_760,33.56318018018018,-7.596244559482544,5G NSA,Casablanca,0,1,3.5,micro
GRID_761,33.56318018018018,-7.595487665208249,LTE,Casablanca,0,0,1.8,macro
GRID_762,33.56318018018018,-7.594730770933953,5G NSA,Casablanca,0,1,3.5,micro
GRID_763,33.56318018018018,-7.593973876659658,LTE,Casablanca,0,0,1.8,macro
GRID_764,33.56318018018018,-7.593216982385362,5G NSA,Casablanca,0,1,3.5,micro
GRID_765,33.56318018018018,-7.592460088111066,LTE,Casablanca,0,0,1.8,macro
GRID_766,33.56318018018018,-7.5917031938367705,5G NSA,Casablanca,0,1,3.5,micro
GRID_767,33.56318018018018,-7.590946299562475,LTE,Casablanca,0,0,1.8,macro
GRID_768,33.56318018018018,-7.5901894052881795,5G NSA,Casablanca,0,1,3.5,micro
GRID_769,33.56318018018018,-7.589432511013884,LTE,Casablanca,0,0,1.8,macro
GRID_770,33.56318018018018,-7.588675616739588,5G NSA,Casablanca,0,1,3.5,micro
GRID_771,33.56318018018018,-7.587918722465292,LTE,Casablanca,0,0,1.8,macro
GRID_772,33.56318018018018,-7.587161828190997,5G NSA,Casablanca,0,1,3.5,micro
GRID_773,33.56318018018018,-7.586404933916701,LTE,Casablanca,0,0,1.8,macro
GRID_774,33.56318018018018,-7.585648039642405,5G NSA,Casablanca,0,1,3.5,micro
GRID_775,33.56318018018018,-7.584891145368109,LTE,Casablanca,0,0,1.8,macro
GRID_776,33.56318018018018,-7.584134251093814,5G NSA,Casablanca,0,1,3.5,micro
GRID_777,33.56318018018018,-7.583377356819518,LTE,Casablanca,0,0,1.8,macro
GRID_778,33.56318018018018,-7.582620462545223,5G NSA,Casablanca,0,1,3.5,micro
GRID_779,33.56318018018018,-7.581863568270927,LTE,Casablanca,0,0,1.8,macro
GRID_780,33.56318018018018,-7.581106673996631,5G NSA,Casablanca,0,1,3.5,micro
GRID_781,33.56318018018018,-7.580349779722336,LTE,Casablanca,0,0,1.8,macro
GRID_782,33.56318018018018,-7.57959288544804,5G NSA,Casablanca,0,1,3.5,micro
GRID_783,33.56318018018018,-7.578835991173745,LTE,Casablanca,0,0,1.8,macro
GRID_784,33.56318018018018,-7.578079096899448,5G NSA,Casablanca,0,1,3.5,micro
GRID_785,33.56318018018018,-7.577322202625153,LTE,Casablanca,0,0,1.8,macro
GRID_786,33.56318018018018,-7.576565308350857,5G NSA,Casablanca,0,1,3.5,micro
GRID_787,33.56318018018018,-7.575808414076562,LTE,Casablanca,0,0,1.8,macro
GRID_788,33.56318018018018,-7.575051519802265,5G NSA,Casablanca,0,1,3.5,micro
GRID_789,33.56318018018018,-7.57429462552797,LTE,Casablanca,0,0,1.8,macro
GRID_790,33.56318018018018,-7.5735377312536745,5G NSA,Casablanca,0,1,3.5,micro
GRID_791,33.56318018018018,-7.572780836979379,LTE,Casablanca,0,0,1.8,macro
GRID_792,33.56318018018018,-7.5720239427050835,5G NSA,Casablanca,0,1,3.5,micro
GRID_793,33.56318018018018,-7.571267048430787,LTE,Casablanca,0,0,1.8,macro
GRID_794,33.56318018018018,-7.570510154156492,5G NSA,Casablanca,0,1,3.5,micro
GRID_795,33.56318018018018,-7.569753259882196,LTE,Casablanca,0,0,1.8,macro
GRID_796,33.56318018018018,-7.568996365607901,5G NSA,Casablanca,0,1,3.5,micro
GRID_797,33.56318018018018,-7.568239471333605,LTE,Casablanca,0,0,1.8,macro
GRID_798,33.563810810810814,-7.610625550694163,5G NSA,Casablanca,0,1,3.5,micro
GRID_799,33.563810810810814,-7.6098686564198665,LTE,Casablanca,0,0,1.8,macro
GRID_800,33.563810810810814,-7.609111762145571,5G NSA,Casablanca,0,1,3.5,micro
GRID_801,33.563810810810814,-7.608354867871276,LTE,Casablanca,0,0,1.8,macro
GRID_802,33.563810810810814,-7.60759797359698,5G NSA,Casablanca,0,1,3.5,micro
GRID_803,33.563810810810814,-7.606841079322685,LTE,Casablanca,0,0,1.8,macro
GRID_804,33.563810810810814,-7.606084185048388,5G NSA,Casablanca,0,1,3.5,micro
GRID_805,33.563810810810814,-7.605327290774093,LTE,Casablanca,0,0,1.8,macro
GRID_806,33.563810810810814,-7.604570396499797,5G NSA,Casablanca,0,1,3.5,micro
GRID_807,33.563810810810814,-7.603813502225502,LTE,Casablanca,0,0,1.8,macro
GRID_808,33.563810810810814,-7.603056607951205,5G NSA,Casablanca,0,1,3.5,micro
GRID_809,33.563810810810814,-7.60229971367691,LTE,Casablanca,0,0,1.8,macro
GRID_810,33.563810810810814,-7.6015428194026144,5G NSA,Casablanca,0,1,3.5,micro
GRID_811,33.563810810810814,-7.600785925128319,LTE,Casablanca,0,0,1.8,macro
GRID_812,33.563810810810814,-7.6000290308540235,5G NSA,Casablanca,0,1,3.5,micro
GRID_813,33.563810810810814,-7.599272136579727,LTE,Casablanca,0,0,1.8,macro
GRID_814,33.563810810810814,-7.598515242305432,5G NSA,Casablanca,0,1,3.5,micro
GRID_815,33.563810810810814,-7.597758348031136,LTE,Casablanca,0,0,1.8,macro
GRID_816,33.563810810810814,-7.597001453756841,5G NSA,Casablanca,0,1,3.5,micro
GRID_817,33.563810810810814,-7.596244559482544,LTE,Casablanca,0,0,1.8,macro
GRID_818,33.563810810810814,-7.595487665208249,5G NSA,Casablanca,0,1,3.5,micro
GRID_819,33.563810810810814,-7.594730770933953,LTE,Casablanca,0,0,1.8,macro
GRID_820,33.563810810810814,-7.593973876659658,5G NSA,Casablanca,0,1,3.5,micro
GRID_821,33.563810810810814,-7.593216982385362,LTE,Casablanca,0,0,1.8,macro
GRID_822,33.563810810810814,-7.592460088111066,5G NSA,Casablanca,0,1,3.5,micro
GRID_823,33.563810810810814,-7.5917031938367705,LTE,Casablanca,0,0,1.8,macro
GRID_824,33.563810810810814,-7.590946299562475,5G NSA,Casablanca,0,1,3.5,micro
GRID_825,33.563810810810814,-7.5901894052881795,LTE,Casablanca,0,0,1.8,macro
GRID_826,33.563810810810814,-7.589432511013884,5G NSA,Casablanca,0,1,3.5,micro
GRID_827,33.563810810810814,-7.588675616739588,LTE,Casablanca,0,0,1.8,macro
GRID_828,33.563810810810814,-7.587918722465292,5G NSA,Casablanca,0,1,3.5,micro
GRID_829,33.563810810810814,-7.587161828190997,LTE,Casablanca,0,0,1.8,macro
GRID_830,33.563810810810814,-7.586404933916701,5G NSA,Casablanca,0,1,3.5,micro
GRID_831,33.563810810810814,-7.585648039642405,LTE,Casablanca,0,0,1.8,macro
GRID_832,33.563810810810814,-7.584891145368109,5G NSA,Casablanca,0,1,3.5,micro
GRID_833,33.563810810810814,-7.584134251093814,LTE,Casablanca,0,0,1.8,macro
GRID_834,33.563810810810814,-7.583377356819518,5G NSA,Casablanca,0,1,3.5,micro
GRID_835,33.563810810810814,-7.582620462545223,LTE,Casablanca,0,0,1.8,macro
GRID_836,33.563810810810814,-7.581863568270927,5G NSA,Casablanca,0,1,3.5,micro
GRID_837,33.563810810810814,-7.581106673996631,LTE,Casablanca,0,0,1.8,macro
GRID_838,33.563810810810814,-7.580349779722336,5G NSA,Casablanca,0,1,3.5,micro
GRID_839,33.563810810810814,-7.57959288544804,LTE,Casablanca,0,0,1.8,macro
GRID_840,33.563810810810814,-7.578835991173745,5G NSA,Casablanca,0,1,3.5,micro
GRID_841,33.563810810810814,-7.578079096899448,LTE,Casablanca,0,0,1.8,macro
GRID_842,33.563810810810814,-7.577322202625153,5G NSA,Casablanca,0,1,3.5,micro
GRID_843,33.563810810810814,-7.576565308350857,LTE,Casablanca,0,0,1.8,macro
GRID_844,33.563810810810814,-7.575808414076562,5G NSA,Casablanca,0,1,3.5,micro
GRID_845,33.563810810810814,-7.575051519802265,LTE,Casablanca,0,0,1.8,macro
GRID_846,33.563810810810814,-7.57429462552797,5G NSA,Casablanca,0,1,3.5,micro
GRID_847,33.563810810810814,-7.5735377312536745,LTE,Casablanca,0,0,1.8,macro
GRID_848,33.563810810810814,-7.572780836979379,5G NSA,Casablanca,0,1,3.5,micro
GRID_849,33.563810810810814,-7.5720239427050835,LTE,Casablanca,0,0,1.8,macro
GRID_850,33.563810810810814,-7.571267048430787,5G NSA,Casablanca,0,1,3.5,micro
GRID_851,33.563810810810814,-7.570510154156492,LTE,Casablanca,0,0,1.8,macro
GRID_852,33.563810810810814,-7.569753259882196,5G NSA,Casablanca,0,1,3.5,micro
GRID_853,33.563810810810814,-7.568996365607901,LTE,Casablanca,0,0,1.8,macro
GRID_854,33.563810810810814,-7.568239471333605,5G NSA,Casablanca,0,1,3.5,micro
GRID_855,33.56444144144144,-7.610625550694163,LTE,Casablanca,0,0,1.8,macro
GRID_856,33.56444144144144,-7.6098686564198665,5G NSA,Casablanca,0,1,3.5,micro
GRID_857,33.56444144144144,-7.609111762145571,LTE,Casablanca,0,0,1.8,macro
GRID_858,33.56444144144144,-7.608354867871276,5G NSA,Casablanca,0,1,3.5,micro
GRID_859,33.56444144144144,-7.60759797359698,LTE,Casablanca,0,0,1.8,macro
GRID_860,33.56444144144144,-7.606841079322685,5G NSA,Casablanca,0,1,3.5,micro
GRID_861,33.56444144144144,-7.606084185048388,LTE,Casablanca,0,0,1.8,macro
GRID_862,33.56444144144144,-7.605327290774093,5G NSA,Casablanca,0,1,3.5,micro
GRID_863,33.56444144144144,-7.604570396499797,LTE,Casablanca,0,0,1.8,macro
GRID_864,33.56444144144144,-7.603813502225502,5G NSA,Casablanca,0,1,3.5,micro
GRID_865,33.56444144144144,-7.603056607951205,LTE,Casablanca,0,0,1.8,macro
GRID_866,33.56444144144144,-7.60229971367691,5G NSA,Casablanca,0,1,3.5,micro
GRID_867,33.56444144144144,-7.6015428194026144,LTE,Casablanca,0,0,1.8,macro
GRID_868,33.56444144144144,-7.600785925128319,5G NSA,Casablanca,0,1,3.5,micro
GRID_869,33.56444144144144,-7.6000290308540235,LTE,Casablanca,0,0,1.8,macro
GRID_870,33.56444144144144,-7.599272136579727,5G NSA,Casablanca,0,1,3.5,micro
GRID_871,33.56444144144144,-7.598515242305432,LTE,Casablanca,0,0,1.8,macro
GRID_872,33.56444144144144,-7.597758348031136,5G NSA,Casablanca,0,1,3.5,micro
GRID_873,33.56444144144144,-7.597001453756841,LTE,Casablanca,0,0,1.8,macro
GRID_874,33.56444144144144,-7.596244559482544,5G NSA,Casablanca,0,1,3.5,micro
GRID_875,33.56444144144144,-7.595487665208249,LTE,Casablanca,0,0,1.8,macro
GRID_876,33.56444144144144,-7.594730770933953,5G NSA,Casablanca,0,1,3.5,micro
GRID_877,33.56444144144144,-7.593973876659658,LTE,Casablanca,0,0,1.8,macro
GRID_878,33.56444144144144,-7.593216982385362,5G NSA,Casablanca,0,1,3.5,micro
GRID_879,33.56444144144144,-7.592460088111066,LTE,Casablanca,0,0,1.8,macro
GRID_880,33.56444144144144,-7.5917031938367705,5G NSA,Casablanca,0,1,3.5,micro
GRID_881,33.56444144144144,-7.590946299562475,LTE,Casablanca,0,0,1.8,macro
GRID_882,33.56444144144144,-7.5901894052881795,5G NSA,Casablanca,0,1,3.5,micro
GRID_883,33.56444144144144,-7.589432511013884,LTE,Casablanca,0,0,1.8,macro
GRID_884,33.56444144144144,-7.588675616739588,5G NSA,Casablanca,0,1,3.5,micro
GRID_885,33.56444144144144,-7.587918722465292,LTE,Casablanca,0,0,1.8,macro
GRID_886,33.56444144144144,-7.587161828190997,5G NSA,Casablanca,0,1,3.5,micro
GRID_887,33.56444144144144,-7.586404933916701,LTE,Casablanca,0,0,1.8,macro
GRID_888,33.56444144144144,-7.585648039642405,5G NSA,Casablanca,0,1,3.5,micro
GRID_889,33.56444144144144,-7.584891145368109,LTE,Casablanca,0,0,1.8,macro
GRID_890,33.56444144144144,-7.584134251093814,5G NSA,Casablanca,0,1,3.5,micro
GRID_891,33.56444144144144,-7.583377356819518,LTE,Casablanca,0,0,1.8,macro
GRID_892,33.56444144144144,-7.582620462545223,5G NSA,Casablanca,0,1,3.5,micro
GRID_893,33.56444144144144,-7.581863568270927,LTE,Casablanca,0,0,1.8,macro
GRID_894,33.56444144144144,-7.581106673996631,5G NSA,Casablanca,0,1,3.5,micro
GRID_895,33.56444144144144,-7.580349779722336,LTE,Casablanca,0,0,1.8,macro
GRID_896,33.56444144144144,-7.57959288544804,5G NSA,Casablanca,0,1,3.5,micro
GRID_897,33.56444144144144,-7.578835991173745,LTE,Casablanca,0,0,1.8,macro
GRID_898,33.56444144144144,-7.578079096899448,5G NSA,Casablanca,0,1,3.5,micro
GRID_899,33.56444144144144,-7.577322202625153,LTE,Casablanca,0,0,1.8,macro
GRID_900,33.56444144144144,-7.576565308350857,5G NSA,Casablanca,0,1,3.5,micro
GRID_901,33.56444144144144,-7.575808414076562,LTE,Casablanca,0,0,1.8,macro
GRID_902,33.56444144144144,-7.575051519802265,5G NSA,Casablanca,0,1,3.5,micro
GRID_903,33.56444144144144,-7.57429462552797,LTE,Casablanca,0,0,1.8,macro
GRID_904,33.56444144144144,-7.5735377312536745,5G NSA,Casablanca,0,1,3.5,micro
GRID_905,33.56444144144144,-7.572780836979379,LTE,Casablanca,0,0,1.8,macro
GRID_906,33.56444144144144,-7.5720239427050835,5G NSA,Casablanca,0,1,3.5,micro
GRID_907,33.56444144144144,-7.571267048430787,LTE,Casablanca,0,0,1.8,macro
GRID_908,33.56444144144144,-7.570510154156492,5G NSA,Casablanca,0,1,3.5,micro
GRID_909,33.56444144144144,-7.569753259882196,LTE,Casablanca,0,0,1.8,macro
GRID_910,33.56444144144144,-7.568996365607901,5G NSA,Casablanca,0,1,3.5,micro
GRID_911,33.56444144144144,-7.568239471333605,LTE,Casablanca,0,0,1.8,macro
GRID_912,33.56507207207207,-7.610625550694163,5G NSA,Casablanca,0,1,3.5,micro
GRID_913,33.56507207207207,-7.6098686564198665,LTE,Casablanca,0,0,1.8,macro
GRID_914,33.56507207207207,-7.609111762145571,5G NSA,Casablanca,0,1,3.5,micro
GRID_915,33.56507207207207,-7.608354867871276,LTE,Casablanca,0,0,1.8,macro
GRID_916,33.56507207207207,-7.60759797359698,5G NSA,Casablanca,0,1,3.5,micro
GRID_917,33.56507207207207,-7.606841079322685,LTE,Casablanca,0,0,1.8,macro
GRID_918,33.56507207207207,-7.606084185048388,5G NSA,Casablanca,0,1,3.5,micro
GRID_919,33.56507207207207,-7.605327290774093,LTE,Casablanca,0,0,1.8,macro
GRID_920,33.56507207207207,-7.604570396499797,5G NSA,Casablanca,0,1,3.5,micro
GRID_921,33.56507207207207,-7.603813502225502,LTE,Casablanca,0,0,1.8,macro
GRID_922,33.56507207207207,-7.603056607951205,5G NSA,Casablanca,0,1,3.5,micro
GRID_923,33.56507207207207,-7.60229971367691,LTE,Casablanca,0,0,1.8,macro
GRID_924,33.56507207207207,-7.6015428194026144,5G NSA,Casablanca,0,1,3.5,micro
GRID_925,33.56507207207207,-7.600785925128319,LTE,Casablanca,0,0,1.8,macro
GRID_926,33.56507207207207,-7.6000290308540235,5G NSA,Casablanca,0,1,3.5,micro
GRID_927,33.56507207207207,-7.599272136579727,LTE,Casablanca,0,0,1.8,macro
GRID_928,33.56507207207207,-7.598515242305432,5G NSA,Casablanca,0,1,3.5,micro
GRID_929,33.56507207207207,-7.597758348031136,LTE,Casablanca,0,0,1.8,macro
GRID_930,33.56507207207207,-7.597001453756841,5G NSA,Casablanca,0,1,3.5,micro
GRID_931,33.56507207207207,-7.596244559482544,LTE,Casablanca,0,0,1.8,macro
GRID_932,33.56507207207207,-7.595487665208249,5G NSA,Casablanca,0,1,3.5,micro
GRID_933,33.56507207207207,-7.594730770933953,LTE,Casablanca,0,0,1.8,macro
GRID_934,33.56507207207207,-7.593973876659658,5G NSA,Casablanca,0,1,3.5,micro
GRID_935,33.56507207207207,-7.593216982385362,LTE,Casablanca,0,0,1.8,macro
GRID_936,33.56507207207207,-7.592460088111066,5G NSA,Casablanca,0,1,3.5,micro
GRID_937,33.56507207207207,-7.5917031938367705,LTE,Casablanca,0,0,1.8,macro
GRID_938,33.56507207207207,-7.590946299562475,5G NSA,Casablanca,0,1,3.5,micro
GRID_939,33.56507207207207,-7.5901894052881795,LTE,Casablanca,0,0,1.8,macro
GRID_940,33.56507207207207,-7.589432511013884,5G NSA,Casablanca,0,1,3.5,micro
GRID_941,33.56507207207207,-7.588675616739588,LTE,Casablanca,0,0,1.8,macro
GRID_942,33.56507207207207,-7.587918722465292,5G NSA,Casablanca,0,1,3.5,micro
GRID_943,33.56507207207207,-7.587161828190997,LTE,Casablanca,0,0,1.8,macro
GRID_944,33.56507207207207,-7.586404933916701,5G NSA,Casablanca,0,1,3.5,micro
GRID_945,33.56507207207207,-7.585648039642405,LTE,Casablanca,0,0,1.8,macro
GRID_946,33.56507207207207,-7.584891145368109,5G NSA,Casablanca,0,1,3.5,micro
GRID_947,33.56507207207207,-7.584134251093814,LTE,Casablanca,0,0,1.8,macro
GRID_948,33.56507207207207,-7.583377356819518,5G NSA,Casablanca,0,1,3.5,micro
GRID_949,33.56507207207207,-7.582620462545223,LTE,Casablanca,0,0,1.8,macro
GRID_950,33.56507207207207,-7.581863568270927,5G NSA,Casablanca,0,1,3.5,micro
GRID_951,33.56507207207207,-7.581106673996631,LTE,Casablanca,0,0,1.8,macro
GRID_952,33.56507207207207,-7.580349779722336,5G NSA,Casablanca,0,1,3.5,micro
GRID_953,33.56507207207207,-7.57959288544804,LTE,Casablanca,0,0,1.8,macro
GRID_954,33.56507207207207,-7.578835991173745,5G NSA,Casablanca,0,1,3.5,micro
GRID_955,33.56507207207207,-7.578079096899448,LTE,Casablanca,0,0,1.8,macro
GRID_956,33.56507207207207,-7.577322202625153,5G NSA,Casablanca,0,1,3.5,micro
GRID_957,33.56507207207207,-7.576565308350857,LTE,Casablanca,0,0,1.8,macro
GRID_958,33.56507207207207,-7.575808414076562,5G NSA,Casablanca,0,1,3.5,micro
GRID_959,33.56507207207207,-7.575051519802265,LTE,Casablanca,0,0,1.8,macro
GRID_960,33.56507207207207,-7.57429462552797,5G NSA,Casablanca,0,1,3.5,micro
GRID_961,33.56507207207207,-7.5735377312536745,LTE,Casablanca,0,0,1.8,macro
GRID_962,33.56507207207207,-7.572780836979379,5G NSA,Casablanca,0,1,3.5,micro
GRID_963,33.56507207207207,-7.5720239427050835,LTE,Casablanca,0,0,1.8,macro
GRID_964,33.56507207207207,-7.571267048430787,5G NSA,Casablanca,0,1,3.5,micro
GRID_965,33.56507207207207,-7.570510154156492,LTE,Casablanca,0,0,1.8,macro
GRID_966,33.56507207207207,-7.569753259882196,5G NSA,Casablanca,0,1,3.5,micro
GRID_967,33.56507207207207,-7.568996365607901,LTE,Casablanca,0,0,1.8,macro
GRID_968,33.56507207207207,-7.568239471333605,5G NSA,Casablanca,0,1,3.5,micro
GRID_969,33.5657027027027,-7.610625550694163,LTE,Casablanca,0,0,1.8,macro
GRID_970,33.5657027027027,-7.6098686564198665,5G NSA,Casablanca,0,1,3.5,micro
GRID_971,33.5657027027027,-7.609111762145571,LTE,Casablanca,0,0,1.8,macro
GRID_972,33.5657027027027,-7.608354867871276,5G NSA,Casablanca,0,1,3.5,micro
GRID_973,33.5657027027027,-7.60759797359698,LTE,Casablanca,0,0,1.8,macro
GRID_974,33.5657027027027,-7.606841079322685,5G NSA,Casablanca,0,1,3.5,micro
GRID_975,33.5657027027027,-7.606084185048388,LTE,Casablanca,0,0,1.8,macro
GRID_976,33.5657027027027,-7.605327290774093,5G NSA,Casablanca,0,1,3.5,micro
GRID_977,33.5657027027027,-7.604570396499797,LTE,Casablanca,0,0,1.8,macro
GRID_978,33.5657027027027,-7.603813502225502,5G NSA,Casablanca,0,1,3.5,micro
GRID_979,33.5657027027027,-7.603056607951205,LTE,Casablanca,0,0,1.8,macro
GRID_980,33.5657027027027,-7.60229971367691,5G NSA,Casablanca,0,1,3.5,micro
GRID_981,33.5657027027027,-7.6015428194026144,LTE,Casablanca,0,0,1.8,macro
GRID_982,33.5657027027027,-7.600785925128319,5G NSA,Casablanca,0,1,3.5,micro
GRID_983,33.5657027027027,-7.6000290308540235,LTE,Casablanca,0,0,1.8,macro
GRID_984,33.5657027027027,-7.599272136579727,5G NSA,Casablanca,0,1,3.5,micro
GRID_985,33.5657027027027,-7.598515242305432,LTE,Casablanca,0,0,1.8,macro
GRID_986,33.5657027027027,-7.597758348031136,5G NSA,Casablanca,0,1,3.5,micro
GRID_987,33.5657027027027,-7.597001453756841,LTE,Casablanca,0,0,1.8,macro
GRID_988,33.5657027027027,-7.596244559482544,5G NSA,Casablanca,0,1,3.5,micro
GRID_989,33.5657027027027,-7.595487665208249,LTE,Casablanca,0,0,1.8,macro
GRID_990,33.5657027027027,-7.594730770933953,5G NSA,Casablanca,0,1,3.5,micro
GRID_991,33.5657027027027,-7.593973876659658,LTE,Casablanca,0,0,1.8,macro
GRID_992,33.5657027027027,-7.593216982385362,5G NSA,Casablanca,0,1,3.5,micro
GRID_993,33.5657027027027,-7.592460088111066,LTE,Casablanca,0,0,1.8,macro
GRID_994,33.5657027027027,-7.5917031938367705,5G NSA,Casablanca,0,1,3.5,micro
GRID_995,33.5657027027027,-7.590946299562475,LTE,Casablanca,0,0,1.8,macro
GRID_996,33.5657027027027,-7.5901894052881795,5G NSA,Casablanca,0,1,3.5,micro
GRID_997,33.5657027027027,-7.589432511013884,LTE,Casablanca,0,0,1.8,macro
GRID_998,33.5657027027027,-7.588675616739588,5G NSA,Casablanca,0,1,3.5,micro
GRID_999,33.5657027027027,-7.587918722465292,LTE,Casablanca,0,0,1.8,macro
GRID_1000,33.5657027027027,-7.587161828190997,5G NSA,Casablanca,0,1,3.5,micro
GRID_1001,33.5657027027027,-7.586404933916701,LTE,Casablanca,0,0,1.8,macro
GRID_1002,33.5657027027027,-7.585648039642405,5G NSA,Casablanca,0,1,3.5,micro
GRID_1003,33.5657027027027,-7.584891145368109,LTE,Casablanca,0,0,1.8,macro
GRID_1004,33.5657027027027,-7.584134251093814,5G NSA,Casablanca,0,1,3.5,micro
GRID_1005,33.5657027027027,-7.583377356819518,LTE,Casablanca,0,0,1.8,macro
GRID_1006,33.5657027027027,-7.582620462545223,5G NSA,Casablanca,0,1,3.5,micro
GRID_1007,33.5657027027027,-7.581863568270927,LTE,Casablanca,0,0,1.8,macro
GRID_1008,33.5657027027027,-7.581106673996631,5G NSA,Casablanca,0,1,3.5,micro
GRID_1009,33.5657027027027,-7.580349779722336,LTE,Casablanca,0,0,1.8,macro
GRID_1010,33.5657027027027,-7.57959288544804,5G NSA,Casablanca,0,1,3.5,micro
GRID_1011,33.5657027027027,-7.578835991173745,LTE,Casablanca,0,0,1.8,macro
GRID_1012,33.5657027027027,-7.578079096899448,5G NSA,Casablanca,0,1,3.5,micro
GRID_1013,33.5657027027027,-7.577322202625153,LTE,Casablanca,0,0,1.8,macro
GRID_1014,33.5657027027027,-7.576565308350857,5G NSA,Casablanca,0,1,3.5,micro
GRID_1015,33.5657027027027,-7.575808414076562,LTE,Casablanca,0,0,1.8,macro
GRID_1016,33.5657027027027,-7.575051519802265,5G NSA,Casablanca,0,1,3.5,micro
GRID_1017,33.5657027027027,-7.57429462552797,LTE,Casablanca,0,0,1.8,macro
GRID_1018,33.5657027027027,-7.5735377312536745,5G NSA,Casablanca,0,1,3.5,micro
GRID_1019,33.5657027027027,-7.572780836979379,LTE,Casablanca,0,0,1.8,macro
GRID_1020,33.5657027027027,-7.5720239427050835,5G NSA,Casablanca,0,1,3.5,micro
GRID_1021,33.5657027027027,-7.571267048430787,LTE,Casablanca,0,0,1.8,macro
GRID_1022,33.5657027027027,-7.570510154156492,5G NSA,Casablanca,0,1,3.5,micro
GRID_1023,33.5657027027027,-7.569753259882196,LTE,Casablanca,0,0,1.8,macro
GRID_1024,33.5657027027027,-7.568996365607901,5G NSA,Casablanca,0,1,3.5,micro
GRID_1025,33.5657027027027,-7.568239471333605,LTE,Casablanca,0,0,1.8,macro
GRID_1026,33.56633333333333,-7.610625550694163,5G NSA,Casablanca,0,1,3.5,micro
GRID_1027,33.56633333333333,-7.6098686564198665,LTE,Casablanca,0,0,1.8,macro
GRID_1028,33.56633333333333,-7.609111762145571,5G NSA,Casablanca,0,1,3.5,micro
GRID_1029,33.56633333333333,-7.608354867871276,LTE,Casablanca,0,0,1.8,macro
GRID_1030,33.56633333333333,-7.60759797359698,5G NSA,Casablanca,0,1,3.5,micro
GRID_1031,33.56633333333333,-7.606841079322685,LTE,Casablanca,0,0,1.8,macro
GRID_1032,33.56633333333333,-7.606084185048388,5G NSA,Casablanca,0,1,3.5,micro
GRID_1033,33.56633333333333,-7.605327290774093,LTE,Casablanca,0,0,1.8,macro
GRID_1034,33.56633333333333,-7.604570396499797,5G NSA,Casablanca,0,1,3.5,micro
GRID_1035,33.56633333333333,-7.603813502225502,LTE,Casablanca,0,0,1.8,macro
GRID_1036,33.56633333333333,-7.603056607951205,5G NSA,Casablanca,0,1,3.5,micro
GRID_1037,33.56633333333333,-7.60229971367691,LTE,Casablanca,0,0,1.8,macro
GRID_1038,33.56633333333333,-7.6015428194026144,5G NSA,Casablanca,0,1,3.5,micro
GRID_1039,33.56633333333333,-7.600785925128319,LTE,Casablanca,0,0,1.8,macro
GRID_1040,33.56633333333333,-7.6000290308540235,5G NSA,Casablanca,0,1,3.5,micro
GRID_1041,33.56633333333333,-7.599272136579727,LTE,Casablanca,0,0,1.8,macro
GRID_1042,33.56633333333333,-7.598515242305432,5G NSA,Casablanca,0,1,3.5,micro
GRID_1043,33.56633333333333,-7.597758348031136,LTE,Casablanca,0,0,1.8,macro
GRID_1044,33.56633333333333,-7.597001453756841,5G NSA,Casablanca,0,1,3.5,micro
GRID_1045,33.56633333333333,-7.596244559482544,LTE,Casablanca,0,0,1.8,macro
GRID_1046,33.56633333333333,-7.595487665208249,5G NSA,Casablanca,0,1,3.5,micro
GRID_1047,33.56633333333333,-7.594730770933953,LTE,Casablanca,0,0,1.8,macro
GRID_1048,33.56633333333333,-7.593973876659658,5G NSA,Casablanca,0,1,3.5,micro
GRID_1049,33.56633333333333,-7.593216982385362,LTE,Casablanca,0,0,1.8,macro
GRID_1050,33.56633333333333,-7.592460088111066,5G NSA,Casablanca,0,1,3.5,micro
GRID_1051,33.56633333333333,-7.5917031938367705,LTE,Casablanca,0,0,1.8,macro
GRID_1052,33.56633333333333,-7.590946299562475,5G NSA,Casablanca,0,1,3.5,micro
GRID_1053,33.56633333333333,-7.5901894052881795,LTE,Casablanca,0,0,1.8,macro
GRID_1054,33.56633333333333,-7.589432511013884,5G NSA,Casablanca,0,1,3.5,micro
GRID_1055,33.56633333333333,-7.588675616739588,LTE,Casablanca,0,0,1.8,macro
GRID_1056,33.56633333333333,-7.587918722465292,5G NSA,Casablanca,0,1,3.5,micro
GRID_1057,33.56633333333333,-7.587161828190997,LTE,Casablanca,0,0,1.8,macro
GRID_1058,33.56633333333333,-7.586404933916701,5G NSA,Casablanca,0,1,3.5,micro
GRID_1059,33.56633333333333,-7.585648039642405,LTE,Casablanca,0,0,1.8,macro
GRID_1060,33.56633333333333,-7.584891145368109,5G NSA,Casablanca,0,1,3.5,micro
GRID_1061,33.56633333333333,-7.584134251093814,LTE,Casablanca,0,0,1.8,macro
GRID_1062,33.56633333333333,-7.583377356819518,5G NSA,Casablanca,0,1,3.5,micro
GRID_1063,33.56633333333333,-7.582620462545223,LTE,Casablanca,0,0,1.8,macro
GRID_1064,33.56633333333333,-7.581863568270927,5G NSA,Casablanca,0,1,3.5,micro
GRID_1065,33.56633333333333,-7.581106673996631,LTE,Casablanca,0,0,1.8,macro
GRID_1066,33.56633333333333,-7.580349779722336,5G NSA,Casablanca,0,1,3.5,micro
GRID_1067,33.56633333333333,-7.57959288544804,LTE,Casablanca,0,0,1.8,macro
GRID_1068,33.56633333333333,-7.578835991173745,5G NSA,Casablanca,0,1,3.5,micro
GRID_1069,33.56633333333333,-7.578079096899448,LTE,Casablanca,0,0,1.8,macro
GRID_1070,33.56633333333333,-7.577322202625153,5G NSA,Casablanca,0,1,3.5,micro
GRID_1071,33.56633333333333,-7.576565308350857,LTE,Casablanca,0,0,1.8,macro
GRID_1072,33.56633333333333,-7.575808414076562,5G NSA,Casablanca,0,1,3.5,micro
GRID_1073,33.56633333333333,-7.575051519802265,LTE,Casablanca,0,0,1.8,macro
GRID_1074,33.56633333333333,-7.57429462552797,5G NSA,Casablanca,0,1,3.5,micro
GRID_1075,33.56633333333333,-7.5735377312536745,LTE,Casablanca,0,0,1.8,macro
GRID_1076,33.56633333333333,-7.572780836979379,5G NSA,Casablanca,0,1,3.5,micro
GRID_1077,33.56633333333333,-7.5720239427050835,LTE,Casablanca,0,0,1.8,macro
GRID_1078,33.56633333333333,-7.571267048430787,5G NSA,Casablanca,0,1,3.5,micro
GRID_1079,33.56633333333333,-7.570510154156492,LTE,Casablanca,0,0,1.8,macro
GRID_1080,33.56633333333333,-7.569753259882196,5G NSA,Casablanca,0,1,3.5,micro
GRID_1081,33.56633333333333,-7.568996365607901,LTE,Casablanca,0,0,1.8,macro
GRID_1082,33.56633333333333,-7.568239471333605,5G NSA,Casablanca,0,1,3.5,micro
GRID_1083,33.566963963963964,-7.610625550694163,LTE,Casablanca,0,0,1.8,macro
GRID_1084,33.566963963963964,-7.6098686564198665,5G NSA,Casablanca,0,1,3.5,micro
GRID_1085,33.566963963963964,-7.609111762145571,LTE,Casablanca,0,0,1.8,macro
GRID_1086,33.566963963963964,-7.608354867871276,5G NSA,Casablanca,0,1,3.5,micro
GRID_1087,33.566963963963964,-7.60759797359698,LTE,Casablanca,0,0,1.8,macro
GRID_1088,33.566963963963964,-7.606841079322685,5G NSA,Casablanca,0,1,3.5,micro
GRID_1089,33.566963963963964,-7.606084185048388,LTE,Casablanca,0,0,1.8,macro
GRID_1090,33.566963963963964,-7.605327290774093,5G NSA,Casablanca,0,1,3.5,micro
GRID_1091,33.566963963963964,-7.604570396499797,LTE,Casablanca,0,0,1.8,macro
GRID_1092,33.566963963963964,-7.603813502225502,5G NSA,Casablanca,0,1,3.5,micro
GRID_1093,33.566963963963964,-7.603056607951205,LTE,Casablanca,0,0,1.8,macro
GRID_1094,33.566963963963964,-7.60229971367691,5G NSA,Casablanca,0,1,3.5,micro
GRID_1095,33.566963963963964,-7.6015428194026144,LTE,Casablanca,0,0,1.8,macro
GRID_1096,33.566963963963964,-7.600785925128319,5G NSA,Casablanca,0,1,3.5,micro
GRID_1097,33.566963963963964,-7.6000290308540235,LTE,Casablanca,0,0,1.8,macro
GRID_1098,33.566963963963964,-7.599272136579727,5G NSA,Casablanca,0,1,3.5,micro
GRID_1099,33.566963963963964,-7.598515242305432,LTE,Casablanca,0,0,1.8,macro
GRID_1100,33.566963963963964,-7.597758348031136,5G NSA,Casablanca,0,1,3.5,micro
GRID_1101,33.566963963963964,-7.597001453756841,LTE,Casablanca,0,0,1.8,macro
GRID_1102,33.566963963963964,-7.596244559482544,5G NSA,Casablanca,0,1,3.5,micro
GRID_1103,33.566963963963964,-7.595487665208249,LTE,Casablanca,0,0,1.8,macro
GRID_1104,33.566963963963964,-7.594730770933953,5G NSA,Casablanca,0,1,3.5,micro
GRID_1105,33.566963963963964,-7.593973876659658,LTE,Casablanca,0,0,1.8,macro
GRID_1106,33.566963963963964,-7.593216982385362,5G NSA,Casablanca,0,1,3.5,micro
GRID_1107,33.566963963963964,-7.592460088111066,LTE,Casablanca,0,0,1.8,macro
GRID_1108,33.566963963963964,-7.5917031938367705,5G NSA,Casablanca,0,1,3.5,micro
GRID_1109,33.566963963963964,-7.590946299562475,LTE,Casablanca,0,0,1.8,macro
GRID_1110,33.566963963963964,-7.5901894052881795,5G NSA,Casablanca,0,1,3.5,micro
GRID_1111,33.566963963963964,-7.589432511013884,LTE,Casablanca,0,0,1.8,macro
GRID_1112,33.566963963963964,-7.588675616739588,5G NSA,Casablanca,0,1,3.5,micro
GRID_1113,33.566963963963964,-7.587918722465292,LTE,Casablanca,0,0,1.8,macro
GRID_1114,33.566963963963964,-7.587161828190997,5G NSA,Casablanca,0,1,3.5,micro
GRID_1115,33.566963963963964,-7.586404933916701,LTE,Casablanca,0,0,1.8,macro
GRID_1116,33.566963963963964,-7.585648039642405,5G NSA,Casablanca,0,1,3.5,micro
GRID_1117,33.566963963963964,-7.584891145368109,LTE,Casablanca,0,0,1.8,macro
GRID_1118,33.566963963963964,-7.584134251093814,5G NSA,Casablanca,0,1,3.5,micro
GRID_1119,33.566963963963964,-7.583377356819518,LTE,Casablanca,0,0,1.8,macro
GRID_1120,33.566963963963964,-7.582620462545223,5G NSA,Casablanca,0,1,3.5,micro
GRID_1121,33.566963963963964,-7.581863568270927,LTE,Casablanca,0,0,1.8,macro
GRID_1122,33.566963963963964,-7.581106673996631,5G NSA,Casablanca,0,1,3.5,micro
GRID_1123,33.566963963963964,-7.580349779722336,LTE,Casablanca,0,0,1.8,macro
GRID_1124,33.566963963963964,-7.57959288544804,5G NSA,Casablanca,0,1,3.5,micro
GRID_1125,33.566963963963964,-7.578835991173745,LTE,Casablanca,0,0,1.8,macro
GRID_1126,33.566963963963964,-7.578079096899448,5G NSA,Casablanca,0,1,3.5,micro
GRID_1127,33.566963963963964,-7.577322202625153,LTE,Casablanca,0,0,1.8,macro
GRID_1128,33.566963963963964,-7.576565308350857,5G NSA,Casablanca,0,1,3.5,micro
GRID_1129,33.566963963963964,-7.575808414076562,LTE,Casablanca,0,0,1.8,macro
GRID_1130,33.566963963963964,-7.575051519802265,5G NSA,Casablanca,0,1,3.5,micro
GRID_1131,33.566963963963964,-7.57429462552797,LTE,Casablanca,0,0,1.8,macro
GRID_1132,33.566963963963964,-7.5735377312536745,5G NSA,Casablanca,0,1,3.5,micro
GRID_1133,33.566963963963964,-7.572780836979379,LTE,Casablanca,0,0,1.8,macro
GRID_1134,33.566963963963964,-7.5720239427050835,5G NSA,Casablanca,0,1,3.5,micro
GRID_1135,33.566963963963964,-7.571267048430787,LTE,Casablanca,0,0,1.8,macro
GRID_1136,33.566963963963964,-7.570510154156492,5G NSA,Casablanca,0,1,3.5,micro
GRID_1137,33.566963963963964,-7.569753259882196,LTE,Casablanca,0,0,1.8,macro
GRID_1138,33.566963963963964,-7.568996365607901,5G NSA,Casablanca,0,1,3.5,micro
GRID_1139,33.566963963963964,-7.568239471333605,LTE,Casablanca,0,0,1.8,macro
GRID_1140,33.567594594594595,-7.610625550694163,5G NSA,Casablanca,0,1,3.5,micro
GRID_1141,33.567594594594595,-7.6098686564198665,LTE,Casablanca,0,0,1.8,macro
GRID_1142,33.567594594594595,-7.609111762145571,5G NSA,Casablanca,0,1,3.5,micro
GRID_1143,33.567594594594595,-7.608354867871276,LTE,Casablanca,0,0,1.8,macro
GRID_1144,33.567594594594595,-7.60759797359698,5G NSA,Casablanca,0,1,3.5,micro
GRID_1145,33.567594594594595,-7.606841079322685,LTE,Casablanca,0,0,1.8,macro
GRID_1146,33.567594594594595,-7.606084185048388,5G NSA,Casablanca,0,1,3.5,micro
GRID_1147,33.567594594594595,-7.605327290774093,LTE,Casablanca,0,0,1.8,macro
GRID_1148,33.567594594594595,-7.604570396499797,5G NSA,Casablanca,0,1,3.5,micro
GRID_1149,33.567594594594595,-7.603813502225502,LTE,Casablanca,0,0,1.8,macro
GRID_1150,33.567594594594595,-7.603056607951205,5G NSA,Casablanca,0,1,3.5,micro
GRID_1151,33.567594594594595,-7.60229971367691,LTE,Casablanca,0,0,1.8,macro
GRID_1152,33.567594594594595,-7.6015428194026144,5G NSA,Casablanca,0,1,3.5,micro
GRID_1153,33.567594594594595,-7.600785925128319,LTE,Casablanca,0,0,1.8,macro
GRID_1154,33.567594594594595,-7.6000290308540235,5G NSA,Casablanca,0,1,3.5,micro
GRID_1155,33.567594594594595,-7.599272136579727,LTE,Casablanca,0,0,1.8,macro
GRID_1156,33.567594594594595,-7.598515242305432,5G NSA,Casablanca,0,1,3.5,micro
GRID_1157,33.567594594594595,-7.597758348031136,LTE,Casablanca,0,0,1.8,macro
GRID_1158,33.567594594594595,-7.597001453756841,5G NSA,Casablanca,0,1,3.5,micro
GRID_1159,33.567594594594595,-7.596244559482544,LTE,Casablanca,0,0,1.8,macro
GRID_1160,33.567594594594595,-7.595487665208249,5G NSA,Casablanca,0,1,3.5,micro
GRID_1161,33.567594594594595,-7.594730770933953,LTE,Casablanca,0,0,1.8,macro
GRID_1162,33.567594594594595,-7.593973876659658,5G NSA,Casablanca,0,1,3.5,micro
GRID_1163,33.567594594594595,-7.593216982385362,LTE,Casablanca,0,0,1.8,macro
GRID_1164,33.567594594594595,-7.592460088111066,5G NSA,Casablanca,0,1,3.5,micro
GRID_1165,33.567594594594595,-7.5917031938367705,LTE,Casablanca,0,0,1.8,macro
GRID_1166,33.567594594594595,-7.590946299562475,5G NSA,Casablanca,0,1,3.5,micro
GRID_1167,33.567594594594595,-7.5901894052881795,LTE,Casablanca,0,0,1.8,macro
GRID_1168,33.567594594594595,-7.589432511013884,5G NSA,Casablanca,0,1,3.5,micro
GRID_1169,33.567594594594595,-7.588675616739588,LTE,Casablanca,0,0,1.8,macro
GRID_1170,33.567594594594595,-7.587918722465292,5G NSA,Casablanca,0,1,3.5,micro
GRID_1171,33.567594594594595,-7.587161828190997,LTE,Casablanca,0,0,1.8,macro
GRID_1172,33.567594594594595,-7.586404933916701,5G NSA,Casablanca,0,1,3.5,micro
GRID_1173,33.567594594594595,-7.585648039642405,LTE,Casablanca,0,0,1.8,macro
GRID_1174,33.567594594594595,-7.584891145368109,5G NSA,Casablanca,0,1,3.5,micro
GRID_1175,33.567594594594595,-7.584134251093814,LTE,Casablanca,0,0,1.8,macro
GRID_1176,33.567594594594595,-7.583377356819518,5G NSA,Casablanca,0,1,3.5,micro
GRID_1177,33.567594594594595,-7.582620462545223,LTE,Casablanca,0,0,1.8,macro
GRID_1178,33.567594594594595,-7.581863568270927,5G NSA,Casablanca,0,1,3.5,micro
GRID_1179,33.567594594594595,-7.581106673996631,LTE,Casablanca,0,0,1.8,macro
GRID_1180,33.567594594594595,-7.580349779722336,5G NSA,Casablanca,0,1,3.5,micro
GRID_1181,33.567594594594595,-7.57959288544804,LTE,Casablanca,0,0,1.8,macro
GRID_1182,33.567594594594595,-7.578835991173745,5G NSA,Casablanca,0,1,3.5,micro
GRID_1183,33.567594594594595,-7.578079096899448,LTE,Casablanca,0,0,1.8,macro
GRID_1184,33.567594594594595,-7.577322202625153,5G NSA,Casablanca,0,1,3.5,micro
GRID_1185,33.567594594594595,-7.576565308350857,LTE,Casablanca,0,0,1.8,macro
GRID_1186,33.567594594594595,-7.575808414076562,5G NSA,Casablanca,0,1,3.5,micro
GRID_1187,33.567594594594595,-7.575051519802265,LTE,Casablanca,0,0,1.8,macro
GRID_1188,33.567594594594595,-7.57429462552797,5G NSA,Casablanca,0,1,3.5,micro
GRID_1189,33.567594594594595,-7.5735377312536745,LTE,Casablanca,0,0,1.8,macro
GRID_1190,33.567594594594595,-7.572780836979379,5G NSA,Casablanca,0,1,3.5,micro
GRID_1191,33.567594594594595,-7.5720239427050835,LTE,Casablanca,0,0,1.8,macro
GRID_1192,33.567594594594595,-7.571267048430787,5G NSA,Casablanca,0,1,3.5,micro
GRID_1193,33.567594594594595,-7.570510154156492,LTE,Casablanca,0,0,1.8,macro
GRID_1194,33.567594594594595,-7.569753259882196,5G NSA,Casablanca,0,1,3.5,micro
GRID_1195,33.567594594594595,-7.568996365607901,LTE,Casablanca,0,0,1.8,macro
GRID_1196,33.567594594594595,-7.568239471333605,5G NSA,Casablanca,0,1,3.5,micro
GRID_1197,33.56822522522523,-7.610625550694163,LTE,Casablanca,0,0,1.8,macro
GRID_1198,33.56822522522523,-7.6098686564198665,5G NSA,Casablanca,0,1,3.5,micro
GRID_1199,33.56822522522523,-7.609111762145571,LTE,Casablanca,0,0,1.8,macro
GRID_1200,33.56822522522523,-7.608354867871276,5G NSA,Casablanca,0,1,3.5,micro
GRID_1201,33.56822522522523,-7.60759797359698,LTE,Casablanca,0,0,1.8,macro
GRID_1202,33.56822522522523,-7.606841079322685,5G NSA,Casablanca,0,1,3.5,micro
GRID_1203,33.56822522522523,-7.606084185048388,LTE,Casablanca,0,0,1.8,macro
GRID_1204,33.56822522522523,-7.605327290774093,5G NSA,Casablanca,0,1,3.5,micro
GRID_1205,33.56822522522523,-7.604570396499797,LTE,Casablanca,0,0,1.8,macro
GRID_1206,33.56822522522523,-7.603813502225502,5G NSA,Casablanca,0,1,3.5,micro
GRID_1207,33.56822522522523,-7.603056607951205,LTE,Casablanca,0,0,1.8,macro
GRID_1208,33.56822522522523,-7.60229971367691,5G NSA,Casablanca,0,1,3.5,micro
GRID_1209,33.56822522522523,-7.6015428194026144,LTE,Casablanca,0,0,1.8,macro
GRID_1210,33.56822522522523,-7.600785925128319,5G NSA,Casablanca,0,1,3.5,micro
GRID_1211,33.56822522522523,-7.6000290308540235,LTE,Casablanca,0,0,1.8,macro
GRID_1212,33.56822522522523,-7.599272136579727,5G NSA,Casablanca,0,1,3.5,micro
GRID_1213,33.56822522522523,-7.598515242305432,LTE,Casablanca,0,0,1.8,macro
GRID_1214,33.56822522522523,-7.597758348031136,5G NSA,Casablanca,0,1,3.5,micro
GRID_1215,33.56822522522523,-7.597001453756841,LTE,Casablanca,0,0,1.8,macro
GRID_1216,33.56822522522523,-7.596244559482544,5G NSA,Casablanca,0,1,3.5,micro
GRID_1217,33.56822522522523,-7.595487665208249,LTE,Casablanca,0,0,1.8,macro
GRID_1218,33.56822522522523,-7.594730770933953,5G NSA,Casablanca,0,1,3.5,micro
GRID_1219,33.56822522522523,-7.593973876659658,LTE,Casablanca,0,0,1.8,macro
GRID_1220,33.56822522522523,-7.593216982385362,5G NSA,Casablanca,0,1,3.5,micro
GRID_1221,33.56822522522523,-7.592460088111066,LTE,Casablanca,0,0,1.8,macro
GRID_1222,33.56822522522523,-7.5917031938367705,5G NSA,Casablanca,0,1,3.5,micro
GRID_1223,33.56822522522523,-7.590946299562475,LTE,Casablanca,0,0,1.8,macro
GRID_1224,33.56822522522523,-7.5901894052881795,5G NSA,Casablanca,0,1,3.5,micro
GRID_1225,33.56822522522523,-7.589432511013884,LTE,Casablanca,0,0,1.8,macro
GRID_1226,33.56822522522523,-7.588675616739588,5G NSA,Casablanca,0,1,3.5,micro
GRID_1227,33.56822522522523,-7.587918722465292,LTE,Casablanca,0,0,1.8,macro
GRID_1228,33.56822522522523,-7.587161828190997,5G NSA,Casablanca,0,1,3.5,micro
GRID_1229,33.56822522522523,-7.586404933916701,LTE,Casablanca,0,0,1.8,macro
GRID_1230,33.56822522522523,-7.585648039642405,5G NSA,Casablanca,0,1,3.5,micro
GRID_1231,33.56822522522523,-7.584891145368109,LTE,Casablanca,0,0,1.8,macro
GRID_1232,33.56822522522523,-7.584134251093814,5G NSA,Casablanca,0,1,3.5,micro
GRID_1233,33.56822522522523,-7.583377356819518,LTE,Casablanca,0,0,1.8,macro
GRID_1234,33.56822522522523,-7.582620462545223,5G NSA,Casablanca,0,1,3.5,micro
GRID_1235,33.56822522522523,-7.581863568270927,LTE,Casablanca,0,0,1.8,macro
GRID_1236,33.56822522522523,-7.581106673996631,5G NSA,Casablanca,0,1,3.5,micro
GRID_1237,33.56822522522523,-7.580349779722336,LTE,Casablanca,0,0,1.8,macro
GRID_1238,33.56822522522523,-7.57959288544804,5G NSA,Casablanca,0,1,3.5,micro
GRID_1239,33.56822522522523,-7.578835991173745,LTE,Casablanca,0,0,1.8,macro
GRID_1240,33.56822522522523,-7.578079096899448,5G NSA,Casablanca,0,1,3.5,micro
GRID_1241,33.56822522522523,-7.577322202625153,LTE,Casablanca,0,0,1.8,macro
GRID_1242,33.56822522522523,-7.576565308350857,5G NSA,Casablanca,0,1,3.5,micro
GRID_1243,33.56822522522523,-7.575808414076562,LTE,Casablanca,0,0,1.8,macro
GRID_1244,33.56822522522523,-7.575051519802265,5G NSA,Casablanca,0,1,3.5,micro
GRID_1245,33.56822522522523,-7.57429462552797,LTE,Casablanca,0,0,1.8,macro
GRID_1246,33.56822522522523,-7.5735377312536745,5G NSA,Casablanca,0,1,3.5,micro
GRID_1247,33.56822522522523,-7.572780836979379,LTE,Casablanca,0,0,1.8,macro
GRID_1248,33.56822522522523,-7.5720239427050835,5G NSA,Casablanca,0,1,3.5,micro
GRID_1249,33.56822522522523,-7.571267048430787,LTE,Casablanca,0,0,1.8,macro
GRID_1250,33.56822522522523,-7.570510154156492,5G NSA,Casablanca,0,1,3.5,micro
GRID_1251,33.56822522522523,-7.569753259882196,LTE,Casablanca,0,0,1.8,macro
GRID_1252,33.56822522522523,-7.568996365607901,5G NSA,Casablanca,0,1,3.5,micro
GRID_1253,33.56822522522523,-7.568239471333605,LTE,Casablanca,0,0,1.8,macro
GRID_1254,33.56885585585586,-7.610625550694163,5G NSA,Casablanca,0,1,3.5,micro
GRID_1255,33.56885585585586,-7.6098686564198665,LTE,Casablanca,0,0,1.8,macro
GRID_1256,33.56885585585586,-7.609111762145571,5G NSA,Casablanca,0,1,3.5,micro
GRID_1257,33.56885585585586,-7.608354867871276,LTE,Casablanca,0,0,1.8,macro
GRID_1258,33.56885585585586,-7.60759797359698,5G NSA,Casablanca,0,1,3.5,micro
GRID_1259,33.56885585585586,-7.606841079322685,LTE,Casablanca,0,0,1.8,macro
GRID_1260,33.56885585585586,-7.606084185048388,5G NSA,Casablanca,0,1,3.5,micro
GRID_1261,33.56885585585586,-7.605327290774093,LTE,Casablanca,0,0,1.8,macro
GRID_1262,33.56885585585586,-7.604570396499797,5G NSA,Casablanca,0,1,3.5,micro
GRID_1263,33.56885585585586,-7.603813502225502,LTE,Casablanca,0,0,1.8,macro
GRID_1264,33.56885585585586,-7.603056607951205,5G NSA,Casablanca,0,1,3.5,micro
GRID_1265,33.56885585585586,-7.60229971367691,LTE,Casablanca,0,0,1.8,macro
GRID_1266,33.56885585585586,-7.6015428194026144,5G NSA,Casablanca,0,1,3.5,micro
GRID_1267,33.56885585585586,-7.600785925128319,LTE,Casablanca,0,0,1.8,macro
GRID_1268,33.56885585585586,-7.6000290308540235,5G NSA,Casablanca,0,1,3.5,micro
GRID_1269,33.56885585585586,-7.599272136579727,LTE,Casablanca,0,0,1.8,macro
GRID_1270,33.56885585585586,-7.598515242305432,5G NSA,Casablanca,0,1,3.5,micro
GRID_1271,33.56885585585586,-7.597758348031136,LTE,Casablanca,0,0,1.8,macro
GRID_1272,33.56885585585586,-7.597001453756841,5G NSA,Casablanca,0,1,3.5,micro
GRID_1273,33.56885585585586,-7.596244559482544,LTE,Casablanca,0,0,1.8,macro
GRID_1274,33.56885585585586,-7.595487665208249,5G NSA,Casablanca,0,1,3.5,micro
GRID_1275,33.56885585585586,-7.594730770933953,LTE,Casablanca,0,0,1.8,macro
GRID_1276,33.56885585585586,-7.593973876659658,5G NSA,Casablanca,0,1,3.5,micro
GRID_1277,33.56885585585586,-7.593216982385362,LTE,Casablanca,0,0,1.8,macro
GRID_1278,33.56885585585586,-7.592460088111066,5G NSA,Casablanca,0,1,3.5,micro
GRID_1279,33.56885585585586,-7.5917031938367705,LTE,Casablanca,0,0,1.8,macro
GRID_1280,33.56885585585586,-7.590946299562475,5G NSA,Casablanca,0,1,3.5,micro
GRID_1281,33.56885585585586,-7.5901894052881795,LTE,Casablanca,0,0,1.8,macro
GRID_1282,33.56885585585586,-7.589432511013884,5G NSA,Casablanca,0,1,3.5,micro
GRID_1283,33.56885585585586,-7.588675616739588,LTE,Casablanca,0,0,1.8,macro
GRID_1284,33.56885585585586,-7.587918722465292,5G NSA,Casablanca,0,1,3.5,micro
GRID_1285,33.56885585585586,-7.587161828190997,LTE,Casablanca,0,0,1.8,macro
GRID_1286,33.56885585585586,-7.586404933916701,5G NSA,Casablanca,0,1,3.5,micro
GRID_1287,33.56885585585586,-7.585648039642405,LTE,Casablanca,0,0,1.8,macro
GRID_1288,33.56885585585586,-7.584891145368109,5G NSA,Casablanca,0,1,3.5,micro
GRID_1289,33.56885585585586,-7.584134251093814,LTE,Casablanca,0,0,1.8,macro
GRID_1290,33.56885585585586,-7.583377356819518,5G NSA,Casablanca,0,1,3.5,micro
GRID_1291,33.56885585585586,-7.582620462545223,LTE,Casablanca,0,0,1.8,macro
GRID_1292,33.56885585585586,-7.581863568270927,5G NSA,Casablanca,0,1,3.5,micro
GRID_1293,33.56885585585586,-7.581106673996631,LTE,Casablanca,0,0,1.8,macro
GRID_1294,33.56885585585586,-7.580349779722336,5G NSA,Casablanca,0,1,3.5,micro
GRID_1295,33.56885585585586,-7.57959288544804,LTE,Casablanca,0,0,1.8,macro
GRID_1296,33.56885585585586,-7.578835991173745,5G NSA,Casablanca,0,1,3.5,micro
GRID_1297,33.56885585585586,-7.578079096899448,LTE,Casablanca,0,0,1.8,macro
GRID_1298,33.56885585585586,-7.577322202625153,5G NSA,Casablanca,0,1,3.5,micro
GRID_1299,33.56885585585586,-7.576565308350857,LTE,Casablanca,0,0,1.8,macro
GRID_1300,33.56885585585586,-7.575808414076562,5G NSA,Casablanca,0,1,3.5,micro
GRID_1301,33.56885585585586,-7.575051519802265,LTE,Casablanca,0,0,1.8,macro
GRID_1302,33.56885585585586,-7.57429462552797,5G NSA,Casablanca,0,1,3.5,micro
GRID_1303,33.56885585585586,-7.5735377312536745,LTE,Casablanca,0,0,1.8,macro
GRID_1304,33.56885585585586,-7.572780836979379,5G NSA,Casablanca,0,1,3.5,micro
GRID_1305,33.56885585585586,-7.5720239427050835,LTE,Casablanca,0,0,1.8,macro
GRID_1306,33.56885585585586,-7.571267048430787,5G NSA,Casablanca,0,1,3.5,micro
GRID_1307,33.56885585585586,-7.570510154156492,LTE,Casablanca,0,0,1.8,macro
GRID_1308,33.56885585585586,-7.569753259882196,5G NSA,Casablanca,0,1,3.5,micro
GRID_1309,33.56885585585586,-7.568996365607901,LTE,Casablanca,0,0,1.8,macro
GRID_1310,33.56885585585586,-7.568239471333605,5G NSA,Casablanca,0,1,3.5,micro
GRID_1311,33.56948648648649,-7.610625550694163,LTE,Casablanca,0,0,1.8,macro
GRID_1312,33.56948648648649,-7.6098686564198665,5G NSA,Casablanca,0,1,3.5,micro
GRID_1313,33.56948648648649,-7.609111762145571,LTE,Casablanca,0,0,1.8,macro
GRID_1314,33.56948648648649,-7.608354867871276,5G NSA,Casablanca,0,1,3.5,micro
GRID_1315,33.56948648648649,-7.60759797359698,LTE,Casablanca,0,0,1.8,macro
GRID_1316,33.56948648648649,-7.606841079322685,5G NSA,Casablanca,0,1,3.5,micro
GRID_1317,33.56948648648649,-7.606084185048388,LTE,Casablanca,0,0,1.8,macro
GRID_1318,33.56948648648649,-7.605327290774093,5G NSA,Casablanca,0,1,3.5,micro
GRID_1319,33.56948648648649,-7.604570396499797,LTE,Casablanca,0,0,1.8,macro
GRID_1320,33.56948648648649,-7.603813502225502,5G NSA,Casablanca,0,1,3.5,micro
GRID_1321,33.56948648648649,-7.603056607951205,LTE,Casablanca,0,0,1.8,macro
GRID_1322,33.56948648648649,-7.60229971367691,5G NSA,Casablanca,0,1,3.5,micro
GRID_1323,33.56948648648649,-7.6015428194026144,LTE,Casablanca,0,0,1.8,macro
GRID_1324,33.56948648648649,-7.600785925128319,5G NSA,Casablanca,0,1,3.5,micro
GRID_1325,33.56948648648649,-7.6000290308540235,LTE,Casablanca,0,0,1.8,macro
GRID_1326,33.56948648648649,-7.599272136579727,5G NSA,Casablanca,0,1,3.5,micro
GRID_1327,33.56948648648649,-7.598515242305432,LTE,Casablanca,0,0,1.8,macro
GRID_1328,33.56948648648649,-7.597758348031136,5G NSA,Casablanca,0,1,3.5,micro
GRID_1329,33.56948648648649,-7.597001453756841,LTE,Casablanca,0,0,1.8,macro
GRID_1330,33.56948648648649,-7.596244559482544,5G NSA,Casablanca,0,1,3.5,micro
GRID_1331,33.56948648648649,-7.595487665208249,LTE,Casablanca,0,0,1.8,macro
GRID_1332,33.56948648648649,-7.594730770933953,5G NSA,Casablanca,0,1,3.5,micro
GRID_1333,33.56948648648649,-7.593973876659658,LTE,Casablanca,0,0,1.8,macro
GRID_1334,33.56948648648649,-7.593216982385362,5G NSA,Casablanca,0,1,3.5,micro
GRID_1335,33.56948648648649,-7.592460088111066,LTE,Casablanca,0,0,1.8,macro
GRID_1336,33.56948648648649,-7.5917031938367705,5G NSA,Casablanca,0,1,3.5,micro
GRID_1337,33.56948648648649,-7.590946299562475,LTE,Casablanca,0,0,1.8,macro
GRID_1338,33.56948648648649,-7.5901894052881795,5G NSA,Casablanca,0,1,3.5,micro
GRID_1339,33.56948648648649,-7.589432511013884,LTE,Casablanca,0,0,1.8,macro
GRID_1340,33.56948648648649,-7.588675616739588,5G NSA,Casablanca,0,1,3.5,micro
GRID_1341,33.56948648648649,-7.587918722465292,LTE,Casablanca,0,0,1.8,macro
GRID_1342,33.56948648648649,-7.587161828190997,5G NSA,Casablanca,0,1,3.5,micro
GRID_1343,33.56948648648649,-7.586404933916701,LTE,Casablanca,0,0,1.8,macro
GRID_1344,33.56948648648649,-7.585648039642405,5G NSA,Casablanca,0,1,3.5,micro
GRID_1345,33.56948648648649,-7.584891145368109,LTE,Casablanca,0,0,1.8,macro
GRID_1346,33.56948648648649,-7.584134251093814,5G NSA,Casablanca,0,1,3.5,micro
GRID_1347,33.56948648648649,-7.583377356819518,LTE,Casablanca,0,0,1.8,macro
GRID_1348,33.56948648648649,-7.582620462545223,5G NSA,Casablanca,0,1,3.5,micro
GRID_1349,33.56948648648649,-7.581863568270927,LTE,Casablanca,0,0,1.8,macro
GRID_1350,33.56948648648649,-7.581106673996631,5G NSA,Casablanca,0,1,3.5,micro
GRID_1351,33.56948648648649,-7.580349779722336,LTE,Casablanca,0,0,1.8,macro
GRID_1352,33.56948648648649,-7.57959288544804,5G NSA,Casablanca,0,1,3.5,micro
GRID_1353,33.56948648648649,-7.578835991173745,LTE,Casablanca,0,0,1.8,macro
GRID_1354,33.56948648648649,-7.578079096899448,5G NSA,Casablanca,0,1,3.5,micro
GRID_1355,33.56948648648649,-7.577322202625153,LTE,Casablanca,0,0,1.8,macro
GRID_1356,33.56948648648649,-7.576565308350857,5G NSA,Casablanca,0,1,3.5,micro
GRID_1357,33.56948648648649,-7.575808414076562,LTE,Casablanca,0,0,1.8,macro
GRID_1358,33.56948648648649,-7.575051519802265,5G NSA,Casablanca,0,1,3.5,micro
GRID_1359,33.56948648648649,-7.57429462552797,LTE,Casablanca,0,0,1.8,macro
GRID_1360,33.56948648648649,-7.5735377312536745,5G NSA,Casablanca,0,1,3.5,micro
GRID_1361,33.56948648648649,-7.572780836979379,LTE,Casablanca,0,0,1.8,macro
GRID_1362,33.56948648648649,-7.5720239427050835,5G NSA,Casablanca,0,1,3.5,micro
GRID_1363,33.56948648648649,-7.571267048430787,LTE,Casablanca,0,0,1.8,macro
GRID_1364,33.56948648648649,-7.570510154156492,5G NSA,Casablanca,0,1,3.5,micro
GRID_1365,33.56948648648649,-7.569753259882196,LTE,Casablanca,0,0,1.8,macro
GRID_1366,33.56948648648649,-7.568996365607901,5G NSA,Casablanca,0,1,3.5,micro
GRID_1367,33.56948648648649,-7.568239471333605,LTE,Casablanca,0,0,1.8,macro
GRID_1368,33.570117117117114,-7.610625550694163,5G NSA,Casablanca,0,1,3.5,micro
GRID_1369,33.570117117117114,-7.6098686564198665,LTE,Casablanca,0,0,1.8,macro
GRID_1370,33.570117117117114,-7.609111762145571,5G NSA,Casablanca,0,1,3.5,micro
GRID_1371,33.570117117117114,-7.608354867871276,LTE,Casablanca,0,0,1.8,macro
GRID_1372,33.570117117117114,-7.60759797359698,5G NSA,Casablanca,0,1,3.5,micro
GRID_1373,33.570117117117114,-7.606841079322685,LTE,Casablanca,0,0,1.8,macro
GRID_1374,33.570117117117114,-7.606084185048388,5G NSA,Casablanca,0,1,3.5,micro
GRID_1375,33.570117117117114,-7.605327290774093,LTE,Casablanca,0,0,1.8,macro
GRID_1376,33.570117117117114,-7.604570396499797,5G NSA,Casablanca,0,1,3.5,micro
GRID_1377,33.570117117117114,-7.603813502225502,LTE,Casablanca,0,0,1.8,macro
GRID_1378,33.570117117117114,-7.603056607951205,5G NSA,Casablanca,0,1,3.5,micro
GRID_1379,33.570117117117114,-7.60229971367691,LTE,Casablanca,0,0,1.8,macro
GRID_1380,33.570117117117114,-7.6015428194026144,5G NSA,Casablanca,0,1,3.5,micro
GRID_1381,33.570117117117114,-7.600785925128319,LTE,Casablanca,0,0,1.8,macro
GRID_1382,33.570117117117114,-7.6000290308540235,5G NSA,Casablanca,0,1,3.5,micro
GRID_1383,33.570117117117114,-7.599272136579727,LTE,Casablanca,0,0,1.8,macro
GRID_1384,33.570117117117114,-7.598515242305432,5G NSA,Casablanca,0,1,3.5,micro
GRID_1385,33.570117117117114,-7.597758348031136,LTE,Casablanca,0,0,1.8,macro
GRID_1386,33.570117117117114,-7.597001453756841,5G NSA,Casablanca,0,1,3.5,micro
GRID_1387,33.570117117117114,-7.596244559482544,LTE,Casablanca,0,0,1.8,macro
GRID_1388,33.570117117117114,-7.595487665208249,5G NSA,Casablanca,0,1,3.5,micro
GRID_1389,33.570117117117114,-7.594730770933953,LTE,Casablanca,0,0,1.8,macro
GRID_1390,33.570117117117114,-7.593973876659658,5G NSA,Casablanca,0,1,3.5,micro
GRID_1391,33.570117117117114,-7.593216982385362,LTE,Casablanca,0,0,1.8,macro
GRID_1392,33.570117117117114,-7.592460088111066,5G NSA,Casablanca,0,1,3.5,micro
GRID_1393,33.570117117117114,-7.5917031938367705,LTE,Casablanca,0,0,1.8,macro
GRID_1394,33.570117117117114,-7.590946299562475,5G NSA,Casablanca,0,1,3.5,micro
GRID_1395,33.570117117117114,-7.5901894052881795,LTE,Casablanca,0,0,1.8,macro
GRID_1396,33.570117117117114,-7.589432511013884,5G NSA,Casablanca,0,1,3.5,micro
GRID_1397,33.570117117117114,-7.588675616739588,LTE,Casablanca,0,0,1.8,macro
GRID_1398,33.570117117117114,-7.587918722465292,5G NSA,Casablanca,0,1,3.5,micro
GRID_1399,33.570117117117114,-7.587161828190997,LTE,Casablanca,0,0,1.8,macro
GRID_1400,33.570117117117114,-7.586404933916701,5G NSA,Casablanca,0,1,3.5,micro
GRID_1401,33.570117117117114,-7.585648039642405,LTE,Casablanca,0,0,1.8,macro
GRID_1402,33.570117117117114,-7.584891145368109,5G NSA,Casablanca,0,1,3.5,micro
GRID_1403,33.570117117117114,-7.584134251093814,LTE,Casablanca,0,0,1.8,macro
GRID_1404,33.570117117117114,-7.583377356819518,5G NSA,Casablanca,0,1,3.5,micro
GRID_1405,33.570117117117114,-7.582620462545223,LTE,Casablanca,0,0,1.8,macro
GRID_1406,33.570117117117114,-7.581863568270927,5G NSA,Casablanca,0,1,3.5,micro
GRID_1407,33.570117117117114,-7.581106673996631,LTE,Casablanca,0,0,1.8,macro
GRID_1408,33.570117117117114,-7.580349779722336,5G NSA,Casablanca,0,1,3.5,micro
GRID_1409,33.570117117117114,-7.57959288544804,LTE,Casablanca,0,0,1.8,macro
GRID_1410,33.570117117117114,-7.578835991173745,5G NSA,Casablanca,0,1,3.5,micro
GRID_1411,33.570117117117114,-7.578079096899448,LTE,Casablanca,0,0,1.8,macro
GRID_1412,33.570117117117114,-7.577322202625153,5G NSA,Casablanca,0,1,3.5,micro
GRID_1413,33.570117117117114,-7.576565308350857,LTE,Casablanca,0,0,1.8,macro
GRID_1414,33.570117117117114,-7.575808414076562,5G NSA,Casablanca,0,1,3.5,micro
GRID_1415,33.570117117117114,-7.575051519802265,LTE,Casablanca,0,0,1.8,macro
GRID_1416,33.570117117117114,-7.57429462552797,5G NSA,Casablanca,0,1,3.5,micro
GRID_1417,33.570117117117114,-7.5735377312536745,LTE,Casablanca,0,0,1.8,macro
GRID_1418,33.570117117117114,-7.572780836979379,5G NSA,Casablanca,0,1,3.5,micro
GRID_1419,33.570117117117114,-7.5720239427050835,LTE,Casablanca,0,0,1.8,macro
GRID_1420,33.570117117117114,-7.571267048430787,5G NSA,Casablanca,0,1,3.5,micro
GRID_1421,33.570117117117114,-7.570510154156492,LTE,Casablanca,0,0,1.8,macro
GRID_1422,33.570117117117114,-7.569753259882196,5G NSA,Casablanca,0,1,3.5,micro
GRID_1423,33.570117117117114,-7.568996365607901,LTE,Casablanca,0,0,1.8,macro
GRID_1424,33.570117117117114,-7.568239471333605,5G NSA,Casablanca,0,1,3.5,micro
GRID_1425,33.570747747747745,-7.610625550694163,LTE,Casablanca,0,0,1.8,macro
GRID_1426,33.570747747747745,-7.6098686564198665,5G NSA,Casablanca,0,1,3.5,micro
GRID_1427,33.570747747747745,-7.609111762145571,LTE,Casablanca,0,0,1.8,macro
GRID_1428,33.570747747747745,-7.608354867871276,5G NSA,Casablanca,0,1,3.5,micro
GRID_1429,33.570747747747745,-7.60759797359698,LTE,Casablanca,0,0,1.8,macro
GRID_1430,33.570747747747745,-7.606841079322685,5G NSA,Casablanca,0,1,3.5,micro
GRID_1431,33.570747747747745,-7.606084185048388,LTE,Casablanca,0,0,1.8,macro
GRID_1432,33.570747747747745,-7.605327290774093,5G NSA,Casablanca,0,1,3.5,micro
GRID_1433,33.570747747747745,-7.604570396499797,LTE,Casablanca,0,0,1.8,macro
GRID_1434,33.570747747747745,-7.603813502225502,5G NSA,Casablanca,0,1,3.5,micro
GRID_1435,33.570747747747745,-7.603056607951205,LTE,Casablanca,0,0,1.8,macro
GRID_1436,33.570747747747745,-7.60229971367691,5G NSA,Casablanca,0,1,3.5,micro
GRID_1437,33.570747747747745,-7.6015428194026144,LTE,Casablanca,0,0,1.8,macro
GRID_1438,33.570747747747745,-7.600785925128319,5G NSA,Casablanca,0,1,3.5,micro
GRID_1439,33.570747747747745,-7.6000290308540235,LTE,Casablanca,0,0,1.8,macro
GRID_1440,33.570747747747745,-7.599272136579727,5G NSA,Casablanca,0,1,3.5,micro
GRID_1441,33.570747747747745,-7.598515242305432,LTE,Casablanca,0,0,1.8,macro
GRID_1442,33.570747747747745,-7.597758348031136,5G NSA,Casablanca,0,1,3.5,micro
GRID_1443,33.570747747747745,-7.597001453756841,LTE,Casablanca,0,0,1.8,macro
GRID_1444,33.570747747747745,-7.596244559482544,5G NSA,Casablanca,0,1,3.5,micro
GRID_1445,33.570747747747745,-7.595487665208249,LTE,Casablanca,0,0,1.8,macro
GRID_1446,33.570747747747745,-7.594730770933953,5G NSA,Casablanca,0,1,3.5,micro
GRID_1447,33.570747747747745,-7.593973876659658,LTE,Casablanca,0,0,1.8,macro
GRID_1448,33.570747747747745,-7.593216982385362,5G NSA,Casablanca,0,1,3.5,micro
GRID_1449,33.570747747747745,-7.592460088111066,LTE,Casablanca,0,0,1.8,macro
GRID_1450,33.570747747747745,-7.5917031938367705,5G NSA,Casablanca,0,1,3.5,micro
GRID_1451,33.570747747747745,-7.590946299562475,LTE,Casablanca,0,0,1.8,macro
GRID_1452,33.570747747747745,-7.5901894052881795,5G NSA,Casablanca,0,1,3.5,micro
GRID_1453,33.570747747747745,-7.589432511013884,LTE,Casablanca,0,0,1.8,macro
GRID_1454,33.570747747747745,-7.588675616739588,5G NSA,Casablanca,0,1,3.5,micro
GRID_1455,33.570747747747745,-7.587918722465292,LTE,Casablanca,0,0,1.8,macro
GRID_1456,33.570747747747745,-7.587161828190997,5G NSA,Casablanca,0,1,3.5,micro
GRID_1457,33.570747747747745,-7.586404933916701,LTE,Casablanca,0,0,1.8,macro
GRID_1458,33.570747747747745,-7.585648039642405,5G NSA,Casablanca,0,1,3.5,micro
GRID_1459,33.570747747747745,-7.584891145368109,LTE,Casablanca,0,0,1.8,macro
GRID_1460,33.570747747747745,-7.584134251093814,5G NSA,Casablanca,0,1,3.5,micro
GRID_1461,33.570747747747745,-7.583377356819518,LTE,Casablanca,0,0,1.8,macro
GRID_1462,33.570747747747745,-7.582620462545223,5G NSA,Casablanca,0,1,3.5,micro
GRID_1463,33.570747747747745,-7.581863568270927,LTE,Casablanca,0,0,1.8,macro
GRID_1464,33.570747747747745,-7.581106673996631,5G NSA,Casablanca,0,1,3.5,micro
GRID_1465,33.570747747747745,-7.580349779722336,LTE,Casablanca,0,0,1.8,macro
GRID_1466,33.570747747747745,-7.57959288544804,5G NSA,Casablanca,0,1,3.5,micro
GRID_1467,33.570747747747745,-7.578835991173745,LTE,Casablanca,0,0,1.8,macro
GRID_1468,33.570747747747745,-7.578079096899448,5G NSA,Casablanca,0,1,3.5,micro
GRID_1469,33.570747747747745,-7.577322202625153,LTE,Casablanca,0,0,1.8,macro
GRID_1470,33.570747747747745,-7.576565308350857,5G NSA,Casablanca,0,1,3.5,micro
GRID_1471,33.570747747747745,-7.575808414076562,LTE,Casablanca,0,0,1.8,macro
GRID_1472,33.570747747747745,-7.575051519802265,5G NSA,Casablanca,0,1,3.5,micro
GRID_1473,33.570747747747745,-7.57429462552797,LTE,Casablanca,0,0,1.8,macro
GRID_1474,33.570747747747745,-7.5735377312536745,5G NSA,Casablanca,0,1,3.5,micro
GRID_1475,33.570747747747745,-7.572780836979379,LTE,Casablanca,0,0,1.8,macro
GRID_1476,33.570747747747745,-7.5720239427050835,5G NSA,Casablanca,0,1,3.5,micro
GRID_1477,33.570747747747745,-7.571267048430787,LTE,Casablanca,0,0,1.8,macro
GRID_1478,33.570747747747745,-7.570510154156492,5G NSA,Casablanca,0,1,3.5,micro
GRID_1479,33.570747747747745,-7.569753259882196,LTE,Casablanca,0,0,1.8,macro
GRID_1480,33.570747747747745,-7.568996365607901,5G NSA,Casablanca,0,1,3.5,micro
GRID_1481,33.570747747747745,-7.568239471333605,LTE,Casablanca,0,0,1.8,macro
GRID_1482,33.57137837837838,-7.610625550694163,5G NSA,Casablanca,0,1,3.5,micro
GRID_1483,33.57137837837838,-7.6098686564198665,LTE,Casablanca,0,0,1.8,macro
GRID_1484,33.57137837837838,-7.609111762145571,5G NSA,Casablanca,0,1,3.5,micro
GRID_1485,33.57137837837838,-7.608354867871276,LTE,Casablanca,0,0,1.8,macro
GRID_1486,33.57137837837838,-7.60759797359698,5G NSA,Casablanca,0,1,3.5,micro
GRID_1487,33.57137837837838,-7.606841079322685,LTE,Casablanca,0,0,1.8,macro
GRID_1488,33.57137837837838,-7.606084185048388,5G NSA,Casablanca,0,1,3.5,micro
GRID_1489,33.57137837837838,-7.605327290774093,LTE,Casablanca,0,0,1.8,macro
GRID_1490,33.57137837837838,-7.604570396499797,5G NSA,Casablanca,0,1,3.5,micro
GRID_1491,33.57137837837838,-7.603813502225502,LTE,Casablanca,0,0,1.8,macro
GRID_1492,33.57137837837838,-7.603056607951205,5G NSA,Casablanca,0,1,3.5,micro
GRID_1493,33.57137837837838,-7.60229971367691,LTE,Casablanca,0,0,1.8,macro
GRID_1494,33.57137837837838,-7.6015428194026144,5G NSA,Casablanca,0,1,3.5,micro
GRID_1495,33.57137837837838,-7.600785925128319,LTE,Casablanca,0,0,1.8,macro
GRID_1496,33.57137837837838,-7.6000290308540235,5G NSA,Casablanca,0,1,3.5,micro
GRID_1497,33.57137837837838,-7.599272136579727,LTE,Casablanca,0,0,1.8,macro
GRID_1498,33.57137837837838,-7.598515242305432,5G NSA,Casablanca,0,1,3.5,micro
GRID_1499,33.57137837837838,-7.597758348031136,LTE,Casablanca,0,0,1.8,macro
GRID_1500,33.57137837837838,-7.597001453756841,5G NSA,Casablanca,0,1,3.5,micro
GRID_1501,33.57137837837838,-7.596244559482544,LTE,Casablanca,0,0,1.8,macro
GRID_1502,33.57137837837838,-7.595487665208249,5G NSA,Casablanca,0,1,3.5,micro
GRID_1503,33.57137837837838,-7.594730770933953,LTE,Casablanca,0,0,1.8,macro
GRID_1504,33.57137837837838,-7.593973876659658,5G NSA,Casablanca,0,1,3.5,micro
GRID_1505,33.57137837837838,-7.593216982385362,LTE,Casablanca,0,0,1.8,macro
GRID_1506,33.57137837837838,-7.592460088111066,5G NSA,Casablanca,0,1,3.5,micro
GRID_1507,33.57137837837838,-7.5917031938367705,LTE,Casablanca,0,0,1.8,macro
GRID_1508,33.57137837837838,-7.590946299562475,5G NSA,Casablanca,0,1,3.5,micro
GRID_1509,33.57137837837838,-7.5901894052881795,LTE,Casablanca,0,0,1.8,macro
GRID_1510,33.57137837837838,-7.589432511013884,5G NSA,Casablanca,0,1,3.5,micro
GRID_1511,33.57137837837838,-7.588675616739588,LTE,Casablanca,0,0,1.8,macro
GRID_1512,33.57137837837838,-7.587918722465292,5G NSA,Casablanca,0,1,3.5,micro
GRID_1513,33.57137837837838,-7.587161828190997,LTE,Casablanca,0,0,1.8,macro
GRID_1514,33.57137837837838,-7.586404933916701,5G NSA,Casablanca,0,1,3.5,micro
GRID_1515,33.57137837837838,-7.585648039642405,LTE,Casablanca,0,0,1.8,macro
GRID_1516,33.57137837837838,-7.584891145368109,5G NSA,Casablanca,0,1,3.5,micro
GRID_1517,33.57137837837838,-7.584134251093814,LTE,Casablanca,0,0,1.8,macro
GRID_1518,33.57137837837838,-7.583377356819518,5G NSA,Casablanca,0,1,3.5,micro
GRID_1519,33.57137837837838,-7.582620462545223,LTE,Casablanca,0,0,1.8,macro
GRID_1520,33.57137837837838,-7.581863568270927,5G NSA,Casablanca,0,1,3.5,micro
GRID_1521,33.57137837837838,-7.581106673996631,LTE,Casablanca,0,0,1.8,macro
GRID_1522,33.57137837837838,-7.580349779722336,5G NSA,Casablanca,0,1,3.5,micro
GRID_1523,33.57137837837838,-7.57959288544804,LTE,Casablanca,0,0,1.8,macro
GRID_1524,33.57137837837838,-7.578835991173745,5G NSA,Casablanca,0,1,3.5,micro
GRID_1525,33.57137837837838,-7.578079096899448,LTE,Casablanca,0,0,1.8,macro
GRID_1526,33.57137837837838,-7.577322202625153,5G NSA,Casablanca,0,1,3.5,micro
GRID_1527,33.57137837837838,-7.576565308350857,LTE,Casablanca,0,0,1.8,macro
GRID_1528,33.57137837837838,-7.575808414076562,5G NSA,Casablanca,0,1,3.5,micro
GRID_1529,33.57137837837838,-7.575051519802265,LTE,Casablanca,0,0,1.8,macro
GRID_1530,33.57137837837838,-7.57429462552797,5G NSA,Casablanca,0,1,3.5,micro
GRID_1531,33.57137837837838,-7.5735377312536745,LTE,Casablanca,0,0,1.8,macro
GRID_1532,33.57137837837838,-7.572780836979379,5G NSA,Casablanca,0,1,3.5,micro
GRID_1533,33.57137837837838,-7.5720239427050835,LTE,Casablanca,0,0,1.8,macro
GRID_1534,33.57137837837838,-7.571267048430787,5G NSA,Casablanca,0,1,3.5,micro
GRID_1535,33.57137837837838,-7.570510154156492,LTE,Casablanca,0,0,1.8,macro
GRID_1536,33.57137837837838,-7.569753259882196,5G NSA,Casablanca,0,1,3.5,micro
GRID_1537,33.57137837837838,-7.568996365607901,LTE,Casablanca,0,0,1.8,macro
GRID_1538,33.57137837837838,-7.568239471333605,5G NSA,Casablanca,0,1,3.5,micro
GRID_1539,33.57200900900901,-7.610625550694163,LTE,Casablanca,0,0,1.8,macro
GRID_1540,33.57200900900901,-7.6098686564198665,5G NSA,Casablanca,0,1,3.5,micro
GRID_1541,33.57200900900901,-7.609111762145571,LTE,Casablanca,0,0,1.8,macro
GRID_1542,33.57200900900901,-7.608354867871276,5G NSA,Casablanca,0,1,3.5,micro
GRID_1543,33.57200900900901,-7.60759797359698,LTE,Casablanca,0,0,1.8,macro
GRID_1544,33.57200900900901,-7.606841079322685,5G NSA,Casablanca,0,1,3.5,micro
GRID_1545,33.57200900900901,-7.606084185048388,LTE,Casablanca,0,0,1.8,macro
GRID_1546,33.57200900900901,-7.605327290774093,5G NSA,Casablanca,0,1,3.5,micro
GRID_1547,33.57200900900901,-7.604570396499797,LTE,Casablanca,0,0,1.8,macro
GRID_1548,33.57200900900901,-7.603813502225502,5G NSA,Casablanca,0,1,3.5,micro
GRID_1549,33.57200900900901,-7.603056607951205,LTE,Casablanca,0,0,1.8,macro
GRID_1550,33.57200900900901,-7.60229971367691,5G NSA,Casablanca,0,1,3.5,micro
GRID_1551,33.57200900900901,-7.6015428194026144,LTE,Casablanca,0,0,1.8,macro
GRID_1552,33.57200900900901,-7.600785925128319,5G NSA,Casablanca,0,1,3.5,micro
GRID_1553,33.57200900900901,-7.6000290308540235,LTE,Casablanca,0,0,1.8,macro
GRID_1554,33.57200900900901,-7.599272136579727,5G NSA,Casablanca,0,1,3.5,micro
GRID_1555,33.57200900900901,-7.598515242305432,LTE,Casablanca,0,0,1.8,macro
GRID_1556,33.57200900900901,-7.597758348031136,5G NSA,Casablanca,0,1,3.5,micro
GRID_1557,33.57200900900901,-7.597001453756841,LTE,Casablanca,0,0,1.8,macro
GRID_1558,33.57200900900901,-7.596244559482544,5G NSA,Casablanca,0,1,3.5,micro
GRID_1559,33.57200900900901,-7.595487665208249,LTE,Casablanca,0,0,1.8,macro
GRID_1560,33.57200900900901,-7.594730770933953,5G NSA,Casablanca,0,1,3.5,micro
GRID_1561,33.57200900900901,-7.593973876659658,LTE,Casablanca,0,0,1.8,macro
GRID_1562,33.57200900900901,-7.593216982385362,5G NSA,Casablanca,0,1,3.5,micro
GRID_1563,33.57200900900901,-7.592460088111066,LTE,Casablanca,0,0,1.8,macro
GRID_1564,33.57200900900901,-7.5917031938367705,5G NSA,Casablanca,0,1,3.5,micro
GRID_1565,33.57200900900901,-7.590946299562475,LTE,Casablanca,0,0,1.8,macro
GRID_1566,33.57200900900901,-7.5901894052881795,5G NSA,Casablanca,0,1,3.5,micro
GRID_1567,33.57200900900901,-7.589432511013884,LTE,Casablanca,0,0,1.8,macro
GRID_1568,33.57200900900901,-7.588675616739588,5G NSA,Casablanca,0,1,3.5,micro
GRID_1569,33.57200900900901,-7.587918722465292,LTE,Casablanca,0,0,1.8,macro
GRID_1570,33.57200900900901,-7.587161828190997,5G NSA,Casablanca,0,1,3.5,micro
GRID_1571,33.57200900900901,-7.586404933916701,LTE,Casablanca,0,0,1.8,macro
GRID_1572,33.57200900900901,-7.585648039642405,5G NSA,Casablanca,0,1,3.5,micro
GRID_1573,33.57200900900901,-7.584891145368109,LTE,Casablanca,0,0,1.8,macro
GRID_1574,33.57200900900901,-7.584134251093814,5G NSA,Casablanca,0,1,3.5,micro
GRID_1575,33.57200900900901,-7.583377356819518,LTE,Casablanca,0,0,1.8,macro
GRID_1576,33.57200900900901,-7.582620462545223,5G NSA,Casablanca,0,1,3.5,micro
GRID_1577,33.57200900900901,-7.581863568270927,LTE,Casablanca,0,0,1.8,macro
GRID_1578,33.57200900900901,-7.581106673996631,5G NSA,Casablanca,0,1,3.5,micro
GRID_1579,33.57200900900901,-7.580349779722336,LTE,Casablanca,0,0,1.8,macro
GRID_1580,33.57200900900901,-7.57959288544804,5G NSA,Casablanca,0,1,3.5,micro
GRID_1581,33.57200900900901,-7.578835991173745,LTE,Casablanca,0,0,1.8,macro
GRID_1582,33.57200900900901,-7.578079096899448,5G NSA,Casablanca,0,1,3.5,micro
GRID_1583,33.57200900900901,-7.577322202625153,LTE,Casablanca,0,0,1.8,macro
GRID_1584,33.57200900900901,-7.576565308350857,5G NSA,Casablanca,0,1,3.5,micro
GRID_1585,33.57200900900901,-7.575808414076562,LTE,Casablanca,0,0,1.8,macro
GRID_1586,33.57200900900901,-7.575051519802265,5G NSA,Casablanca,0,1,3.5,micro
GRID_1587,33.57200900900901,-7.57429462552797,LTE,Casablanca,0,0,1.8,macro
GRID_1588,33.57200900900901,-7.5735377312536745,5G NSA,Casablanca,0,1,3.5,micro
GRID_1589,33.57200900900901,-7.572780836979379,LTE,Casablanca,0,0,1.8,macro
GRID_1590,33.57200900900901,-7.5720239427050835,5G NSA,Casablanca,0,1,3.5,micro
GRID_1591,33.57200900900901,-7.571267048430787,LTE,Casablanca,0,0,1.8,macro
GRID_1592,33.57200900900901,-7.570510154156492,5G NSA,Casablanca,0,1,3.5,micro
GRID_1593,33.57200900900901,-7.569753259882196,LTE,Casablanca,0,0,1.8,macro
GRID_1594,33.57200900900901,-7.568996365607901,5G NSA,Casablanca,0,1,3.5,micro
GRID_1595,33.57200900900901,-7.568239471333605,LTE,Casablanca,0,0,1.8,macro
GRID_1596,33.57263963963964,-7.610625550694163,5G NSA,Casablanca,0,1,3.5,micro
GRID_1597,33.57263963963964,-7.6098686564198665,LTE,Casablanca,0,0,1.8,macro
GRID_1598,33.57263963963964,-7.609111762145571,5G NSA,Casablanca,0,1,3.5,micro
GRID_1599,33.57263963963964,-7.608354867871276,LTE,Casablanca,0,0,1.8,macro
GRID_1600,33.57263963963964,-7.60759797359698,5G NSA,Casablanca,0,1,3.5,micro
GRID_1601,33.57263963963964,-7.606841079322685,LTE,Casablanca,0,0,1.8,macro
GRID_1602,33.57263963963964,-7.606084185048388,5G NSA,Casablanca,0,1,3.5,micro
GRID_1603,33.57263963963964,-7.605327290774093,LTE,Casablanca,0,0,1.8,macro
GRID_1604,33.57263963963964,-7.604570396499797,5G NSA,Casablanca,0,1,3.5,micro
GRID_1605,33.57263963963964,-7.603813502225502,LTE,Casablanca,0,0,1.8,macro
GRID_1606,33.57263963963964,-7.603056607951205,5G NSA,Casablanca,0,1,3.5,micro
GRID_1607,33.57263963963964,-7.60229971367691,LTE,Casablanca,0,0,1.8,macro
GRID_1608,33.57263963963964,-7.6015428194026144,5G NSA,Casablanca,0,1,3.5,micro
GRID_1609,33.57263963963964,-7.600785925128319,LTE,Casablanca,0,0,1.8,macro
GRID_1610,33.57263963963964,-7.6000290308540235,5G NSA,Casablanca,0,1,3.5,micro
GRID_1611,33.57263963963964,-7.599272136579727,LTE,Casablanca,0,0,1.8,macro
GRID_1612,33.57263963963964,-7.598515242305432,5G NSA,Casablanca,0,1,3.5,micro
GRID_1613,33.57263963963964,-7.597758348031136,LTE,Casablanca,0,0,1.8,macro
GRID_1614,33.57263963963964,-7.597001453756841,5G NSA,Casablanca,0,1,3.5,micro
GRID_1615,33.57263963963964,-7.596244559482544,LTE,Casablanca,0,0,1.8,macro
GRID_1616,33.57263963963964,-7.595487665208249,5G NSA,Casablanca,0,1,3.5,micro
GRID_1617,33.57263963963964,-7.594730770933953,LTE,Casablanca,0,0,1.8,macro
GRID_1618,33.57263963963964,-7.593973876659658,5G NSA,Casablanca,0,1,3.5,micro
GRID_1619,33.57263963963964,-7.593216982385362,LTE,Casablanca,0,0,1.8,macro
GRID_1620,33.57263963963964,-7.592460088111066,5G NSA,Casablanca,0,1,3.5,micro
GRID_1621,33.57263963963964,-7.5917031938367705,LTE,Casablanca,0,0,1.8,macro
GRID_1622,33.57263963963964,-7.590946299562475,5G NSA,Casablanca,0,1,3.5,micro
GRID_1623,33.57263963963964,-7.5901894052881795,LTE,Casablanca,0,0,1.8,macro
GRID_1624,33.57263963963964,-7.589432511013884,5G NSA,Casablanca,0,1,3.5,micro
GRID_1625,33.57263963963964,-7.588675616739588,LTE,Casablanca,0,0,1.8,macro
GRID_1626,33.57263963963964,-7.587918722465292,5G NSA,Casablanca,0,1,3.5,micro
GRID_1627,33.57263963963964,-7.587161828190997,LTE,Casablanca,0,0,1.8,macro
GRID_1628,33.57263963963964,-7.586404933916701,5G NSA,Casablanca,0,1,3.5,micro
GRID_1629,33.57263963963964,-7.585648039642405,LTE,Casablanca,0,0,1.8,macro
GRID_1630,33.57263963963964,-7.584891145368109,5G NSA,Casablanca,0,1,3.5,micro
GRID_1631,33.57263963963964,-7.584134251093814,LTE,Casablanca,0,0,1.8,macro
GRID_1632,33.57263963963964,-7.583377356819518,5G NSA,Casablanca,0,1,3.5,micro
GRID_1633,33.57263963963964,-7.582620462545223,LTE,Casablanca,0,0,1.8,macro
GRID_1634,33.57263963963964,-7.581863568270927,5G NSA,Casablanca,0,1,3.5,micro
GRID_1635,33.57263963963964,-7.581106673996631,LTE,Casablanca,0,0,1.8,macro
GRID_1636,33.57263963963964,-7.580349779722336,5G NSA,Casablanca,0,1,3.5,micro
GRID_1637,33.57263963963964,-7.57959288544804,LTE,Casablanca,0,0,1.8,macro
GRID_1638,33.57263963963964,-7.578835991173745,5G NSA,Casablanca,0,1,3.5,micro
GRID_1639,33.57263963963964,-7.578079096899448,LTE,Casablanca,0,0,1.8,macro
GRID_1640,33.57263963963964,-7.577322202625153,5G NSA,Casablanca,0,1,3.5,micro
GRID_1641,33.57263963963964,-7.576565308350857,LTE,Casablanca,0,0,1.8,macro
GRID_1642,33.57263963963964,-7.575808414076562,5G NSA,Casablanca,0,1,3.5,micro
GRID_1643,33.57263963963964,-7.575051519802265,LTE,Casablanca,0,0,1.8,macro
GRID_1644,33.57263963963964,-7.57429462552797,5G NSA,Casablanca,0,1,3.5,micro
GRID_1645,33.57263963963964,-7.5735377312536745,LTE,Casablanca,0,0,1.8,macro
GRID_1646,33.57263963963964,-7.572780836979379,5G NSA,Casablanca,0,1,3.5,micro
GRID_1647,33.57263963963964,-7.5720239427050835,LTE,Casablanca,0,0,1.8,macro
GRID_1648,33.57263963963964,-7.571267048430787,5G NSA,Casablanca,0,1,3.5,micro
GRID_1649,33.57263963963964,-7.570510154156492,LTE,Casablanca,0,0,1.8,macro
GRID_1650,33.57263963963964,-7.569753259882196,5G NSA,Casablanca,0,1,3.5,micro
GRID_1651,33.57263963963964,-7.568996365607901,LTE,Casablanca,0,0,1.8,macro
GRID_1652,33.57263963963964,-7.568239471333605,5G NSA,Casablanca,0,1,3.5,micro
GRID_1653,33.57327027027027,-7.610625550694163,LTE,Casablanca,0,0,1.8,macro
GRID_1654,33.57327027027027,-7.6098686564198665,5G NSA,Casablanca,0,1,3.5,micro
GRID_1655,33.57327027027027,-7.609111762145571,LTE,Casablanca,0,0,1.8,macro
GRID_1656,33.57327027027027,-7.608354867871276,5G NSA,Casablanca,0,1,3.5,micro
GRID_1657,33.57327027027027,-7.60759797359698,LTE,Casablanca,0,0,1.8,macro
GRID_1658,33.57327027027027,-7.606841079322685,5G NSA,Casablanca,0,1,3.5,micro
GRID_1659,33.57327027027027,-7.606084185048388,LTE,Casablanca,0,0,1.8,macro
GRID_1660,33.57327027027027,-7.605327290774093,5G NSA,Casablanca,0,1,3.5,micro
GRID_1661,33.57327027027027,-7.604570396499797,LTE,Casablanca,0,0,1.8,macro
GRID_1662,33.57327027027027,-7.603813502225502,5G NSA,Casablanca,0,1,3.5,micro
GRID_1663,33.57327027027027,-7.603056607951205,LTE,Casablanca,0,0,1.8,macro
GRID_1664,33.57327027027027,-7.60229971367691,5G NSA,Casablanca,0,1,3.5,micro
GRID_1665,33.57327027027027,-7.6015428194026144,LTE,Casablanca,0,0,1.8,macro
GRID_1666,33.57327027027027,-7.600785925128319,5G NSA,Casablanca,0,1,3.5,micro
GRID_1667,33.57327027027027,-7.6000290308540235,LTE,Casablanca,0,0,1.8,macro
GRID_1668,33.57327027027027,-7.599272136579727,5G NSA,Casablanca,0,1,3.5,micro
GRID_1669,33.57327027027027,-7.598515242305432,LTE,Casablanca,0,0,1.8,macro
GRID_1670,33.57327027027027,-7.597758348031136,5G NSA,Casablanca,0,1,3.5,micro
GRID_1671,33.57327027027027,-7.597001453756841,LTE,Casablanca,0,0,1.8,macro
GRID_1672,33.57327027027027,-7.596244559482544,5G NSA,Casablanca,0,1,3.5,micro
GRID_1673,33.57327027027027,-7.595487665208249,LTE,Casablanca,0,0,1.8,macro
GRID_1674,33.57327027027027,-7.594730770933953,5G NSA,Casablanca,0,1,3.5,micro
GRID_1675,33.57327027027027,-7.593973876659658,LTE,Casablanca,0,0,1.8,macro
GRID_1676,33.57327027027027,-7.593216982385362,5G NSA,Casablanca,0,1,3.5,micro
GRID_1677,33.57327027027027,-7.592460088111066,LTE,Casablanca,0,0,1.8,macro
GRID_1678,33.57327027027027,-7.5917031938367705,5G NSA,Casablanca,0,1,3.5,micro
GRID_1679,33.57327027027027,-7.590946299562475,LTE,Casablanca,0,0,1.8,macro
GRID_1680,33.57327027027027,-7.5901894052881795,5G NSA,Casablanca,0,1,3.5,micro
GRID_1681,33.57327027027027,-7.589432511013884,LTE,Casablanca,0,0,1.8,macro
GRID_1682,33.57327027027027,-7.588675616739588,5G NSA,Casablanca,0,1,3.5,micro
GRID_1683,33.57327027027027,-7.587918722465292,LTE,Casablanca,0,0,1.8,macro
GRID_1684,33.57327027027027,-7.587161828190997,5G NSA,Casablanca,0,1,3.5,micro
GRID_1685,33.57327027027027,-7.586404933916701,LTE,Casablanca,0,0,1.8,macro
GRID_1686,33.57327027027027,-7.585648039642405,5G NSA,Casablanca,0,1,3.5,micro
GRID_1687,33.57327027027027,-7.584891145368109,LTE,Casablanca,0,0,1.8,macro
GRID_1688,33.57327027027027,-7.584134251093814,5G NSA,Casablanca,0,1,3.5,micro
GRID_1689,33.57327027027027,-7.583377356819518,LTE,Casablanca,0,0,1.8,macro
GRID_1690,33.57327027027027,-7.582620462545223,5G NSA,Casablanca,0,1,3.5,micro
GRID_1691,33.57327027027027,-7.581863568270927,LTE,Casablanca,0,0,1.8,macro
GRID_1692,33.57327027027027,-7.581106673996631,5G NSA,Casablanca,0,1,3.5,micro
GRID_1693,33.57327027027027,-7.580349779722336,LTE,Casablanca,0,0,1.8,macro
GRID_1694,33.57327027027027,-7.57959288544804,5G NSA,Casablanca,0,1,3.5,micro
GRID_1695,33.57327027027027,-7.578835991173745,LTE,Casablanca,0,0,1.8,macro
GRID_1696,33.57327027027027,-7.578079096899448,5G NSA,Casablanca,0,1,3.5,micro
GRID_1697,33.57327027027027,-7.577322202625153,LTE,Casablanca,0,0,1.8,macro
GRID_1698,33.57327027027027,-7.576565308350857,5G NSA,Casablanca,0,1,3.5,micro
GRID_1699,33.57327027027027,-7.575808414076562,LTE,Casablanca,0,0,1.8,macro
GRID_1700,33.57327027027027,-7.575051519802265,5G NSA,Casablanca,0,1,3.5,micro
GRID_1701,33.57327027027027,-7.57429462552797,LTE,Casablanca,0,0,1.8,macro
GRID_1702,33.57327027027027,-7.5735377312536745,5G NSA,Casablanca,0,1,3.5,micro
GRID_1703,33.57327027027027,-7.572780836979379,LTE,Casablanca,0,0,1.8,macro
GRID_1704,33.57327027027027,-7.5720239427050835,5G NSA,Casablanca,0,1,3.5,micro
GRID_1705,33.57327027027027,-7.571267048430787,LTE,Casablanca,0,0,1.8,macro
GRID_1706,33.57327027027027,-7.570510154156492,5G NSA,Casablanca,0,1,3.5,micro
GRID_1707,33.57327027027027,-7.569753259882196,LTE,Casablanca,0,0,1.8,macro
GRID_1708,33.57327027027027,-7.568996365607901,5G NSA,Casablanca,0,1,3.5,micro
GRID_1709,33.57327027027027,-7.568239471333605,LTE,Casablanca,0,0,1.8,macro
GRID_1710,33.5739009009009,-7.610625550694163,5G NSA,Casablanca,0,1,3.5,micro
GRID_1711,33.5739009009009,-7.6098686564198665,LTE,Casablanca,0,0,1.8,macro
GRID_1712,33.5739009009009,-7.609111762145571,5G NSA,Casablanca,0,1,3.5,micro
GRID_1713,33.5739009009009,-7.608354867871276,LTE,Casablanca,0,0,1.8,macro
GRID_1714,33.5739009009009,-7.60759797359698,5G NSA,Casablanca,0,1,3.5,micro
GRID_1715,33.5739009009009,-7.606841079322685,LTE,Casablanca,0,0,1.8,macro
GRID_1716,33.5739009009009,-7.606084185048388,5G NSA,Casablanca,0,1,3.5,micro
GRID_1717,33.5739009009009,-7.605327290774093,LTE,Casablanca,0,0,1.8,macro
GRID_1718,33.5739009009009,-7.604570396499797,5G NSA,Casablanca,0,1,3.5,micro
GRID_1719,33.5739009009009,-7.603813502225502,LTE,Casablanca,0,0,1.8,macro
GRID_1720,33.5739009009009,-7.603056607951205,5G NSA,Casablanca,0,1,3.5,micro
GRID_1721,33.5739009009009,-7.60229971367691,LTE,Casablanca,0,0,1.8,macro
GRID_1722,33.5739009009009,-7.6015428194026144,5G NSA,Casablanca,0,1,3.5,micro
GRID_1723,33.5739009009009,-7.600785925128319,LTE,Casablanca,0,0,1.8,macro
GRID_1724,33.5739009009009,-7.6000290308540235,5G NSA,Casablanca,0,1,3.5,micro
GRID_1725,33.5739009009009,-7.599272136579727,LTE,Casablanca,0,0,1.8,macro
GRID_1726,33.5739009009009,-7.598515242305432,5G NSA,Casablanca,0,1,3.5,micro
GRID_1727,33.5739009009009,-7.597758348031136,LTE,Casablanca,0,0,1.8,macro
GRID_1728,33.5739009009009,-7.597001453756841,5G NSA,Casablanca,0,1,3.5,micro
GRID_1729,33.5739009009009,-7.596244559482544,LTE,Casablanca,0,0,1.8,macro
GRID_1730,33.5739009009009,-7.595487665208249,5G NSA,Casablanca,0,1,3.5,micro
GRID_1731,33.5739009009009,-7.594730770933953,LTE,Casablanca,0,0,1.8,macro
GRID_1732,33.5739009009009,-7.593973876659658,5G NSA,Casablanca,0,1,3.5,micro
GRID_1733,33.5739009009009,-7.593216982385362,LTE,Casablanca,0,0,1.8,macro
GRID_1734,33.5739009009009,-7.592460088111066,5G NSA,Casablanca,0,1,3.5,micro
GRID_1735,33.5739009009009,-7.5917031938367705,LTE,Casablanca,0,0,1.8,macro
GRID_1736,33.5739009009009,-7.590946299562475,5G NSA,Casablanca,0,1,3.5,micro
GRID_1737,33.5739009009009,-7.5901894052881795,LTE,Casablanca,0,0,1.8,macro
GRID_1738,33.5739009009009,-7.589432511013884,5G NSA,Casablanca,0,1,3.5,micro
GRID_1739,33.5739009009009,-7.588675616739588,LTE,Casablanca,0,0,1.8,macro
GRID_1740,33.5739009009009,-7.587918722465292,5G NSA,Casablanca,0,1,3.5,micro
GRID_1741,33.5739009009009,-7.587161828190997,LTE,Casablanca,0,0,1.8,macro
GRID_1742,33.5739009009009,-7.586404933916701,5G NSA,Casablanca,0,1,3.5,micro
GRID_1743,33.5739009009009,-7.585648039642405,LTE,Casablanca,0,0,1.8,macro
GRID_1744,33.5739009009009,-7.584891145368109,5G NSA,Casablanca,0,1,3.5,micro
GRID_1745,33.5739009009009,-7.584134251093814,LTE,Casablanca,0,0,1.8,macro
GRID_1746,33.5739009009009,-7.583377356819518,5G NSA,Casablanca,0,1,3.5,micro
GRID_1747,33.5739009009009,-7.582620462545223,LTE,Casablanca,0,0,1.8,macro
GRID_1748,33.5739009009009,-7.581863568270927,5G NSA,Casablanca,0,1,3.5,micro
GRID_1749,33.5739009009009,-7.581106673996631,LTE,Casablanca,0,0,1.8,macro
GRID_1750,33.5739009009009,-7.580349779722336,5G NSA,Casablanca,0,1,3.5,micro
GRID_1751,33.5739009009009,-7.57959288544804,LTE,Casablanca,0,0,1.8,macro
GRID_1752,33.5739009009009,-7.578835991173745,5G NSA,Casablanca,0,1,3.5,micro
GRID_1753,33.5739009009009,-7.578079096899448,LTE,Casablanca,0,0,1.8,macro
GRID_1754,33.5739009009009,-7.577322202625153,5G NSA,Casablanca,0,1,3.5,micro
GRID_1755,33.5739009009009,-7.576565308350857,LTE,Casablanca,0,0,1.8,macro
GRID_1756,33.5739009009009,-7.575808414076562,5G NSA,Casablanca,0,1,3.5,micro
GRID_1757,33.5739009009009,-7.575051519802265,LTE,Casablanca,0,0,1.8,macro
GRID_1758,33.5739009009009,-7.57429462552797,5G NSA,Casablanca,0,1,3.5,micro
GRID_1759,33.5739009009009,-7.5735377312536745,LTE,Casablanca,0,0,1.8,macro
GRID_1760,33.5739009009009,-7.572780836979379,5G NSA,Casablanca,0,1,3.5,micro
GRID_1761,33.5739009009009,-7.5720239427050835,LTE,Casablanca,0,0,1.8,macro
GRID_1762,33.5739009009009,-7.571267048430787,5G NSA,Casablanca,0,1,3.5,micro
GRID_1763,33.5739009009009,-7.570510154156492,LTE,Casablanca,0,0,1.8,macro
GRID_1764,33.5739009009009,-7.569753259882196,5G NSA,Casablanca,0,1,3.5,micro
GRID_1765,33.5739009009009,-7.568996365607901,LTE,Casablanca,0,0,1.8,macro
GRID_1766,33.5739009009009,-7.568239471333605,5G NSA,Casablanca,0,1,3.5,micro
GRID_1767,33.574531531531534,-7.610625550694163,LTE,Casablanca,0,0,1.8,macro
GRID_1768,33.574531531531534,-7.6098686564198665,5G NSA,Casablanca,0,1,3.5,micro
GRID_1769,33.574531531531534,-7.609111762145571,LTE,Casablanca,0,0,1.8,macro
GRID_1770,33.574531531531534,-7.608354867871276,5G NSA,Casablanca,0,1,3.5,micro
GRID_1771,33.574531531531534,-7.60759797359698,LTE,Casablanca,0,0,1.8,macro
GRID_1772,33.574531531531534,-7.606841079322685,5G NSA,Casablanca,0,1,3.5,micro
GRID_1773,33.574531531531534,-7.606084185048388,LTE,Casablanca,0,0,1.8,macro
GRID_1774,33.574531531531534,-7.605327290774093,5G NSA,Casablanca,0,1,3.5,micro
GRID_1775,33.574531531531534,-7.604570396499797,LTE,Casablanca,0,0,1.8,macro
GRID_1776,33.574531531531534,-7.603813502225502,5G NSA,Casablanca,0,1,3.5,micro
GRID_1777,33.574531531531534,-7.603056607951205,LTE,Casablanca,0,0,1.8,macro
GRID_1778,33.574531531531534,-7.60229971367691,5G NSA,Casablanca,0,1,3.5,micro
GRID_1779,33.574531531531534,-7.6015428194026144,LTE,Casablanca,0,0,1.8,macro
GRID_1780,33.574531531531534,-7.600785925128319,5G NSA,Casablanca,0,1,3.5,micro
GRID_1781,33.574531531531534,-7.6000290308540235,LTE,Casablanca,0,0,1.8,macro
GRID_1782,33.574531531531534,-7.599272136579727,5G NSA,Casablanca,0,1,3.5,micro
GRID_1783,33.574531531531534,-7.598515242305432,LTE,Casablanca,0,0,1.8,macro
GRID_1784,33.574531531531534,-7.597758348031136,5G NSA,Casablanca,0,1,3.5,micro
GRID_1785,33.574531531531534,-7.597001453756841,LTE,Casablanca,0,0,1.8,macro
GRID_1786,33.574531531531534,-7.596244559482544,5G NSA,Casablanca,0,1,3.5,micro
GRID_1787,33.574531531531534,-7.595487665208249,LTE,Casablanca,0,0,1.8,macro
GRID_1788,33.574531531531534,-7.594730770933953,5G NSA,Casablanca,0,1,3.5,micro
GRID_1789,33.574531531531534,-7.593973876659658,LTE,Casablanca,0,0,1.8,macro
GRID_1790,33.574531531531534,-7.593216982385362,5G NSA,Casablanca,0,1,3.5,micro
GRID_1791,33.574531531531534,-7.592460088111066,LTE,Casablanca,0,0,1.8,macro
GRID_1792,33.574531531531534,-7.5917031938367705,5G NSA,Casablanca,0,1,3.5,micro
GRID_1793,33.574531531531534,-7.590946299562475,LTE,Casablanca,0,0,1.8,macro
GRID_1794,33.574531531531534,-7.5901894052881795,5G NSA,Casablanca,0,1,3.5,micro
GRID_1795,33.574531531531534,-7.589432511013884,LTE,Casablanca,0,0,1.8,macro
GRID_1796,33.574531531531534,-7.588675616739588,5G NSA,Casablanca,0,1,3.5,micro
GRID_1797,33.574531531531534,-7.587918722465292,LTE,Casablanca,0,0,1.8,macro
GRID_1798,33.574531531531534,-7.587161828190997,5G NSA,Casablanca,0,1,3.5,micro
GRID_1799,33.574531531531534,-7.586404933916701,LTE,Casablanca,0,0,1.8,macro
GRID_1800,33.574531531531534,-7.585648039642405,5G NSA,Casablanca,0,1,3.5,micro
GRID_1801,33.574531531531534,-7.584891145368109,LTE,Casablanca,0,0,1.8,macro
GRID_1802,33.574531531531534,-7.584134251093814,5G NSA,Casablanca,0,1,3.5,micro
GRID_1803,33.574531531531534,-7.583377356819518,LTE,Casablanca,0,0,1.8,macro
GRID_1804,33.574531531531534,-7.582620462545223,5G NSA,Casablanca,0,1,3.5,micro
GRID_1805,33.574531531531534,-7.581863568270927,LTE,Casablanca,0,0,1.8,macro
GRID_1806,33.574531531531534,-7.581106673996631,5G NSA,Casablanca,0,1,3.5,micro
GRID_1807,33.574531531531534,-7.580349779722336,LTE,Casablanca,0,0,1.8,macro
GRID_1808,33.574531531531534,-7.57959288544804,5G NSA,Casablanca,0,1,3.5,micro
GRID_1809,33.574531531531534,-7.578835991173745,LTE,Casablanca,0,0,1.8,macro
GRID_1810,33.574531531531534,-7.578079096899448,5G NSA,Casablanca,0,1,3.5,micro
GRID_1811,33.574531531531534,-7.577322202625153,LTE,Casablanca,0,0,1.8,macro
GRID_1812,33.574531531531534,-7.576565308350857,5G NSA,Casablanca,0,1,3.5,micro
GRID_1813,33.574531531531534,-7.575808414076562,LTE,Casablanca,0,0,1.8,macro
GRID_1814,33.574531531531534,-7.575051519802265,5G NSA,Casablanca,0,1,3.5,micro
GRID_1815,33.574531531531534,-7.57429462552797,LTE,Casablanca,0,0,1.8,macro
GRID_1816,33.574531531531534,-7.5735377312536745,5G NSA,Casablanca,0,1,3.5,micro
GRID_1817,33.574531531531534,-7.572780836979379,LTE,Casablanca,0,0,1.8,macro
GRID_1818,33.574531531531534,-7.5720239427050835,5G NSA,Casablanca,0,1,3.5,micro
GRID_1819,33.574531531531534,-7.571267048430787,LTE,Casablanca,0,0,1.8,macro
GRID_1820,33.574531531531534,-7.570510154156492,5G NSA,Casablanca,0,1,3.5,micro
GRID_1821,33.574531531531534,-7.569753259882196,LTE,Casablanca,0,0,1.8,macro
GRID_1822,33.574531531531534,-7.568996365607901,5G NSA,Casablanca,0,1,3.5,micro
GRID_1823,33.574531531531534,-7.568239471333605,LTE,Casablanca,0,0,1.8,macro
GRID_1824,33.575162162162165,-7.610625550694163,5G NSA,Casablanca,0,1,3.5,micro
GRID_1825,33.575162162162165,-7.6098686564198665,LTE,Casablanca,0,0,1.8,macro
GRID_1826,33.575162162162165,-7.609111762145571,5G NSA,Casablanca,0,1,3.5,micro
GRID_1827,33.575162162162165,-7.608354867871276,LTE,Casablanca,0,0,1.8,macro
GRID_1828,33.575162162162165,-7.60759797359698,5G NSA,Casablanca,0,1,3.5,micro
GRID_1829,33.575162162162165,-7.606841079322685,LTE,Casablanca,0,0,1.8,macro
GRID_1830,33.575162162162165,-7.606084185048388,5G NSA,Casablanca,0,1,3.5,micro
GRID_1831,33.575162162162165,-7.605327290774093,LTE,Casablanca,0,0,1.8,macro
GRID_1832,33.575162162162165,-7.604570396499797,5G NSA,Casablanca,0,1,3.5,micro
GRID_1833,33.575162162162165,-7.603813502225502,LTE,Casablanca,0,0,1.8,macro
GRID_1834,33.575162162162165,-7.603056607951205,5G NSA,Casablanca,0,1,3.5,micro
GRID_1835,33.575162162162165,-7.60229971367691,LTE,Casablanca,0,0,1.8,macro
GRID_1836,33.575162162162165,-7.6015428194026144,5G NSA,Casablanca,0,1,3.5,micro
GRID_1837,33.575162162162165,-7.600785925128319,LTE,Casablanca,0,0,1.8,macro
GRID_1838,33.575162162162165,-7.6000290308540235,5G NSA,Casablanca,0,1,3.5,micro
GRID_1839,33.575162162162165,-7.599272136579727,LTE,Casablanca,0,0,1.8,macro
GRID_1840,33.575162162162165,-7.598515242305432,5G NSA,Casablanca,0,1,3.5,micro
GRID_1841,33.575162162162165,-7.597758348031136,LTE,Casablanca,0,0,1.8,macro
GRID_1842,33.575162162162165,-7.597001453756841,5G NSA,Casablanca,0,1,3.5,micro
GRID_1843,33.575162162162165,-7.596244559482544,LTE,Casablanca,0,0,1.8,macro
GRID_1844,33.575162162162165,-7.595487665208249,5G NSA,Casablanca,0,1,3.5,micro
GRID_1845,33.575162162162165,-7.594730770933953,LTE,Casablanca,0,0,1.8,macro
GRID_1846,33.575162162162165,-7.593973876659658,5G NSA,Casablanca,0,1,3.5,micro
GRID_1847,33.575162162162165,-7.593216982385362,LTE,Casablanca,0,0,1.8,macro
GRID_1848,33.575162162162165,-7.592460088111066,5G NSA,Casablanca,0,1,3.5,micro
GRID_1849,33.575162162162165,-7.5917031938367705,LTE,Casablanca,0,0,1.8,macro
GRID_1850,33.575162162162165,-7.590946299562475,5G NSA,Casablanca,0,1,3.5,micro
GRID_1851,33.575162162162165,-7.5901894052881795,LTE,Casablanca,0,0,1.8,macro
GRID_1852,33.575162162162165,-7.589432511013884,5G NSA,Casablanca,0,1,3.5,micro
GRID_1853,33.575162162162165,-7.588675616739588,LTE,Casablanca,0,0,1.8,macro
GRID_1854,33.575162162162165,-7.587918722465292,5G NSA,Casablanca,0,1,3.5,micro
GRID_1855,33.575162162162165,-7.587161828190997,LTE,Casablanca,0,0,1.8,macro
GRID_1856,33.575162162162165,-7.586404933916701,5G NSA,Casablanca,0,1,3.5,micro
GRID_1857,33.575162162162165,-7.585648039642405,LTE,Casablanca,0,0,1.8,macro
GRID_1858,33.575162162162165,-7.584891145368109,5G NSA,Casablanca,0,1,3.5,micro
GRID_1859,33.575162162162165,-7.584134251093814,LTE,Casablanca,0,0,1.8,macro
GRID_1860,33.575162162162165,-7.583377356819518,5G NSA,Casablanca,0,1,3.5,micro
GRID_1861,33.575162162162165,-7.582620462545223,LTE,Casablanca,0,0,1.8,macro
GRID_1862,33.575162162162165,-7.581863568270927,5G NSA,Casablanca,0,1,3.5,micro
GRID_1863,33.575162162162165,-7.581106673996631,LTE,Casablanca,0,0,1.8,macro
GRID_1864,33.575162162162165,-7.580349779722336,5G NSA,Casablanca,0,1,3.5,micro
GRID_1865,33.575162162162165,-7.57959288544804,LTE,Casablanca,0,0,1.8,macro
GRID_1866,33.575162162162165,-7.578835991173745,5G NSA,Casablanca,0,1,3.5,micro
GRID_1867,33.575162162162165,-7.578079096899448,LTE,Casablanca,0,0,1.8,macro
GRID_1868,33.575162162162165,-7.577322202625153,5G NSA,Casablanca,0,1,3.5,micro
GRID_1869,33.575162162162165,-7.576565308350857,LTE,Casablanca,0,0,1.8,macro
GRID_1870,33.575162162162165,-7.575808414076562,5G NSA,Casablanca,0,1,3.5,micro
GRID_1871,33.575162162162165,-7.575051519802265,LTE,Casablanca,0,0,1.8,macro
GRID_1872,33.575162162162165,-7.57429462552797,5G NSA,Casablanca,0,1,3.5,micro
GRID_1873,33.575162162162165,-7.5735377312536745,LTE,Casablanca,0,0,1.8,macro
GRID_1874,33.575162162162165,-7.572780836979379,5G NSA,Casablanca,0,1,3.5,micro
GRID_1875,33.575162162162165,-7.5720239427050835,LTE,Casablanca,0,0,1.8,macro
GRID_1876,33.575162162162165,-7.571267048430787,5G NSA,Casablanca,0,1,3.5,micro
GRID_1877,33.575162162162165,-7.570510154156492,LTE,Casablanca,0,0,1.8,macro
GRID_1878,33.575162162162165,-7.569753259882196,5G NSA,Casablanca,0,1,3.5,micro
GRID_1879,33.575162162162165,-7.568996365607901,LTE,Casablanca,0,0,1.8,macro
GRID_1880,33.575162162162165,-7.568239471333605,5G NSA,Casablanca,0,1,3.5,micro
GRID_1881,33.5757927927928,-7.610625550694163,LTE,Casablanca,0,0,1.8,macro
GRID_1882,33.5757927927928,-7.6098686564198665,5G NSA,Casablanca,0,1,3.5,micro
GRID_1883,33.5757927927928,-7.609111762145571,LTE,Casablanca,0,0,1.8,macro
GRID_1884,33.5757927927928,-7.608354867871276,5G NSA,Casablanca,0,1,3.5,micro
GRID_1885,33.5757927927928,-7.60759797359698,LTE,Casablanca,0,0,1.8,macro
GRID_1886,33.5757927927928,-7.606841079322685,5G NSA,Casablanca,0,1,3.5,micro
GRID_1887,33.5757927927928,-7.606084185048388,LTE,Casablanca,0,0,1.8,macro
GRID_1888,33.5757927927928,-7.605327290774093,5G NSA,Casablanca,0,1,3.5,micro
GRID_1889,33.5757927927928,-7.604570396499797,LTE,Casablanca,0,0,1.8,macro
GRID_1890,33.5757927927928,-7.603813502225502,5G NSA,Casablanca,0,1,3.5,micro
GRID_1891,33.5757927927928,-7.603056607951205,LTE,Casablanca,0,0,1.8,macro
GRID_1892,33.5757927927928,-7.60229971367691,5G NSA,Casablanca,0,1,3.5,micro
GRID_1893,33.5757927927928,-7.6015428194026144,LTE,Casablanca,0,0,1.8,macro
GRID_1894,33.5757927927928,-7.600785925128319,5G NSA,Casablanca,0,1,3.5,micro
GRID_1895,33.5757927927928,-7.6000290308540235,LTE,Casablanca,0,0,1.8,macro
GRID_1896,33.5757927927928,-7.599272136579727,5G NSA,Casablanca,0,1,3.5,micro
GRID_1897,33.5757927927928,-7.598515242305432,LTE,Casablanca,0,0,1.8,macro
GRID_1898,33.5757927927928,-7.597758348031136,5G NSA,Casablanca,0,1,3.5,micro
GRID_1899,33.5757927927928,-7.597001453756841,LTE,Casablanca,0,0,1.8,macro
GRID_1900,33.5757927927928,-7.596244559482544,5G NSA,Casablanca,0,1,3.5,micro
GRID_1901,33.5757927927928,-7.595487665208249,LTE,Casablanca,0,0,1.8,macro
GRID_1902,33.5757927927928,-7.594730770933953,5G NSA,Casablanca,0,1,3.5,micro
GRID_1903,33.5757927927928,-7.593973876659658,LTE,Casablanca,0,0,1.8,macro
GRID_1904,33.5757927927928,-7.593216982385362,5G NSA,Casablanca,0,1,3.5,micro
GRID_1905,33.5757927927928,-7.592460088111066,LTE,Casablanca,0,0,1.8,macro
GRID_1906,33.5757927927928,-7.5917031938367705,5G NSA,Casablanca,0,1,3.5,micro
GRID_1907,33.5757927927928,-7.590946299562475,LTE,Casablanca,0,0,1.8,macro
GRID_1908,33.5757927927928,-7.5901894052881795,5G NSA,Casablanca,0,1,3.5,micro
GRID_1909,33.5757927927928,-7.589432511013884,LTE,Casablanca,0,0,1.8,macro
GRID_1910,33.5757927927928,-7.588675616739588,5G NSA,Casablanca,0,1,3.5,micro
GRID_1911,33.5757927927928,-7.587918722465292,LTE,Casablanca,0,0,1.8,macro
GRID_1912,33.5757927927928,-7.587161828190997,5G NSA,Casablanca,0,1,3.5,micro
GRID_1913,33.5757927927928,-7.586404933916701,LTE,Casablanca,0,0,1.8,macro
GRID_1914,33.5757927927928,-7.585648039642405,5G NSA,Casablanca,0,1,3.5,micro
GRID_1915,33.5757927927928,-7.584891145368109,LTE,Casablanca,0,0,1.8,macro
GRID_1916,33.5757927927928,-7.584134251093814,5G NSA,Casablanca,0,1,3.5,micro
GRID_1917,33.5757927927928,-7.583377356819518,LTE,Casablanca,0,0,1.8,macro
GRID_1918,33.5757927927928,-7.582620462545223,5G NSA,Casablanca,0,1,3.5,micro
GRID_1919,33.5757927927928,-7.581863568270927,LTE,Casablanca,0,0,1.8,macro
GRID_1920,33.5757927927928,-7.581106673996631,5G NSA,Casablanca,0,1,3.5,micro
GRID_1921,33.5757927927928,-7.580349779722336,LTE,Casablanca,0,0,1.8,macro
GRID_1922,33.5757927927928,-7.57959288544804,5G NSA,Casablanca,0,1,3.5,micro
GRID_1923,33.5757927927928,-7.578835991173745,LTE,Casablanca,0,0,1.8,macro
GRID_1924,33.5757927927928,-7.578079096899448,5G NSA,Casablanca,0,1,3.5,micro
GRID_1925,33.5757927927928,-7.577322202625153,LTE,Casablanca,0,0,1.8,macro
GRID_1926,33.5757927927928,-7.576565308350857,5G NSA,Casablanca,0,1,3.5,micro
GRID_1927,33.5757927927928,-7.575808414076562,LTE,Casablanca,0,0,1.8,macro
GRID_1928,33.5757927927928,-7.575051519802265,5G NSA,Casablanca,0,1,3.5,micro
GRID_1929,33.5757927927928,-7.57429462552797,LTE,Casablanca,0,0,1.8,macro
GRID_1930,33.5757927927928,-7.5735377312536745,5G NSA,Casablanca,0,1,3.5,micro
GRID_1931,33.5757927927928,-7.572780836979379,LTE,Casablanca,0,0,1.8,macro
GRID_1932,33.5757927927928,-7.5720239427050835,5G NSA,Casablanca,0,1,3.5,micro
GRID_1933,33.5757927927928,-7.571267048430787,LTE,Casablanca,0,0,1.8,macro
GRID_1934,33.5757927927928,-7.570510154156492,5G NSA,Casablanca,0,1,3.5,micro
GRID_1935,33.5757927927928,-7.569753259882196,LTE,Casablanca,0,0,1.8,macro
GRID_1936,33.5757927927928,-7.568996365607901,5G NSA,Casablanca,0,1,3.5,micro
GRID_1937,33.5757927927928,-7.568239471333605,LTE,Casablanca,0,0,1.8,macro
GRID_1938,33.57642342342342,-7.610625550694163,5G NSA,Casablanca,0,1,3.5,micro
GRID_1939,33.57642342342342,-7.6098686564198665,LTE,Casablanca,0,0,1.8,macro
GRID_1940,33.57642342342342,-7.609111762145571,5G NSA,Casablanca,0,1,3.5,micro
GRID_1941,33.57642342342342,-7.608354867871276,LTE,Casablanca,0,0,1.8,macro
GRID_1942,33.57642342342342,-7.60759797359698,5G NSA,Casablanca,0,1,3.5,micro
GRID_1943,33.57642342342342,-7.606841079322685,LTE,Casablanca,0,0,1.8,macro
GRID_1944,33.57642342342342,-7.606084185048388,5G NSA,Casablanca,0,1,3.5,micro
GRID_1945,33.57642342342342,-7.605327290774093,LTE,Casablanca,0,0,1.8,macro
GRID_1946,33.57642342342342,-7.604570396499797,5G NSA,Casablanca,0,1,3.5,micro
GRID_1947,33.57642342342342,-7.603813502225502,LTE,Casablanca,0,0,1.8,macro
GRID_1948,33.57642342342342,-7.603056607951205,5G NSA,Casablanca,0,1,3.5,micro
GRID_1949,33.57642342342342,-7.60229971367691,LTE,Casablanca,0,0,1.8,macro
GRID_1950,33.57642342342342,-7.6015428194026144,5G NSA,Casablanca,0,1,3.5,micro
GRID_1951,33.57642342342342,-7.600785925128319,LTE,Casablanca,0,0,1.8,macro
GRID_1952,33.57642342342342,-7.6000290308540235,5G NSA,Casablanca,0,1,3.5,micro
GRID_1953,33.57642342342342,-7.599272136579727,LTE,Casablanca,0,0,1.8,macro
GRID_1954,33.57642342342342,-7.598515242305432,5G NSA,Casablanca,0,1,3.5,micro
GRID_1955,33.57642342342342,-7.597758348031136,LTE,Casablanca,0,0,1.8,macro
GRID_1956,33.57642342342342,-7.597001453756841,5G NSA,Casablanca,0,1,3.5,micro
GRID_1957,33.57642342342342,-7.596244559482544,LTE,Casablanca,0,0,1.8,macro
GRID_1958,33.57642342342342,-7.595487665208249,5G NSA,Casablanca,0,1,3.5,micro
GRID_1959,33.57642342342342,-7.594730770933953,LTE,Casablanca,0,0,1.8,macro
GRID_1960,33.57642342342342,-7.593973876659658,5G NSA,Casablanca,0,1,3.5,micro
GRID_1961,33.57642342342342,-7.593216982385362,LTE,Casablanca,0,0,1.8,macro
GRID_1962,33.57642342342342,-7.592460088111066,5G NSA,Casablanca,0,1,3.5,micro
GRID_1963,33.57642342342342,-7.5917031938367705,LTE,Casablanca,0,0,1.8,macro
GRID_1964,33.57642342342342,-7.590946299562475,5G NSA,Casablanca,0,1,3.5,micro
GRID_1965,33.57642342342342,-7.5901894052881795,LTE,Casablanca,0,0,1.8,macro
GRID_1966,33.57642342342342,-7.589432511013884,5G NSA,Casablanca,0,1,3.5,micro
GRID_1967,33.57642342342342,-7.588675616739588,LTE,Casablanca,0,0,1.8,macro
GRID_1968,33.57642342342342,-7.587918722465292,5G NSA,Casablanca,0,1,3.5,micro
GRID_1969,33.57642342342342,-7.587161828190997,LTE,Casablanca,0,0,1.8,macro
GRID_1970,33.57642342342342,-7.586404933916701,5G NSA,Casablanca,0,1,3.5,micro
GRID_1971,33.57642342342342,-7.585648039642405,LTE,Casablanca,0,0,1.8,macro
GRID_1972,33.57642342342342,-7.584891145368109,5G NSA,Casablanca,0,1,3.5,micro
GRID_1973,33.57642342342342,-7.584134251093814,LTE,Casablanca,0,0,1.8,macro
GRID_1974,33.57642342342342,-7.583377356819518,5G NSA,Casablanca,0,1,3.5,micro
GRID_1975,33.57642342342342,-7.582620462545223,LTE,Casablanca,0,0,1.8,macro
GRID_1976,33.57642342342342,-7.581863568270927,5G NSA,Casablanca,0,1,3.5,micro
GRID_1977,33.57642342342342,-7.581106673996631,LTE,Casablanca,0,0,1.8,macro
GRID_1978,33.57642342342342,-7.580349779722336,5G NSA,Casablanca,0,1,3.5,micro
GRID_1979,33.57642342342342,-7.57959288544804,LTE,Casablanca,0,0,1.8,macro
GRID_1980,33.57642342342342,-7.578835991173745,5G NSA,Casablanca,0,1,3.5,micro
GRID_1981,33.57642342342342,-7.578079096899448,LTE,Casablanca,0,0,1.8,macro
GRID_1982,33.57642342342342,-7.577322202625153,5G NSA,Casablanca,0,1,3.5,micro
GRID_1983,33.57642342342342,-7.576565308350857,LTE,Casablanca,0,0,1.8,macro
GRID_1984,33.57642342342342,-7.575808414076562,5G NSA,Casablanca,0,1,3.5,micro
GRID_1985,33.57642342342342,-7.575051519802265,LTE,Casablanca,0,0,1.8,macro
GRID_1986,33.57642342342342,-7.57429462552797,5G NSA,Casablanca,0,1,3.5,micro
GRID_1987,33.57642342342342,-7.5735377312536745,LTE,Casablanca,0,0,1.8,macro
GRID_1988,33.57642342342342,-7.572780836979379,5G NSA,Casablanca,0,1,3.5,micro
GRID_1989,33.57642342342342,-7.5720239427050835,LTE,Casablanca,0,0,1.8,macro
GRID_1990,33.57642342342342,-7.571267048430787,5G NSA,Casablanca,0,1,3.5,micro
GRID_1991,33.57642342342342,-7.570510154156492,LTE,Casablanca,0,0,1.8,macro
GRID_1992,33.57642342342342,-7.569753259882196,5G NSA,Casablanca,0,1,3.5,micro
GRID_1993,33.57642342342342,-7.568996365607901,LTE,Casablanca,0,0,1.8,macro
GRID_1994,33.57642342342342,-7.568239471333605,5G NSA,Casablanca,0,1,3.5,micro
GRID_1995,33.57705405405405,-7.610625550694163,LTE,Casablanca,0,0,1.8,macro
GRID_1996,33.57705405405405,-7.6098686564198665,5G NSA,Casablanca,0,1,3.5,micro
GRID_1997,33.57705405405405,-7.609111762145571,LTE,Casablanca,0,0,1.8,macro
GRID_1998,33.57705405405405,-7.608354867871276,5G NSA,Casablanca,0,1,3.5,micro
GRID_1999,33.57705405405405,-7.60759797359698,LTE,Casablanca,0,0,1.8,macro
GRID_2000,33.57705405405405,-7.606841079322685,5G NSA,Casablanca,0,1,3.5,micro
GRID_2001,33.57705405405405,-7.606084185048388,LTE,Casablanca,0,0,1.8,macro
GRID_2002,33.57705405405405,-7.605327290774093,5G NSA,Casablanca,0,1,3.5,micro
GRID_2003,33.57705405405405,-7.604570396499797,LTE,Casablanca,0,0,1.8,macro
GRID_2004,33.57705405405405,-7.603813502225502,5G NSA,Casablanca,0,1,3.5,micro
GRID_2005,33.57705405405405,-7.603056607951205,LTE,Casablanca,0,0,1.8,macro
GRID_2006,33.57705405405405,-7.60229971367691,5G NSA,Casablanca,0,1,3.5,micro
GRID_2007,33.57705405405405,-7.6015428194026144,LTE,Casablanca,0,0,1.8,macro
GRID_2008,33.57705405405405,-7.600785925128319,5G NSA,Casablanca,0,1,3.5,micro
GRID_2009,33.57705405405405,-7.6000290308540235,LTE,Casablanca,0,0,1.8,macro
GRID_2010,33.57705405405405,-7.599272136579727,5G NSA,Casablanca,0,1,3.5,micro
GRID_2011,33.57705405405405,-7.598515242305432,LTE,Casablanca,0,0,1.8,macro
GRID_2012,33.57705405405405,-7.597758348031136,5G NSA,Casablanca,0,1,3.5,micro
GRID_2013,33.57705405405405,-7.597001453756841,LTE,Casablanca,0,0,1.8,macro
GRID_2014,33.57705405405405,-7.596244559482544,5G NSA,Casablanca,0,1,3.5,micro
GRID_2015,33.57705405405405,-7.595487665208249,LTE,Casablanca,0,0,1.8,macro
GRID_2016,33.57705405405405,-7.594730770933953,5G NSA,Casablanca,0,1,3.5,micro
GRID_2017,33.57705405405405,-7.593973876659658,LTE,Casablanca,0,0,1.8,macro
GRID_2018,33.57705405405405,-7.593216982385362,5G NSA,Casablanca,0,1,3.5,micro
GRID_2019,33.57705405405405,-7.592460088111066,LTE,Casablanca,0,0,1.8,macro
GRID_2020,33.57705405405405,-7.5917031938367705,5G NSA,Casablanca,0,1,3.5,micro
GRID_2021,33.57705405405405,-7.590946299562475,LTE,Casablanca,0,0,1.8,macro
GRID_2022,33.57705405405405,-7.5901894052881795,5G NSA,Casablanca,0,1,3.5,micro
GRID_2023,33.57705405405405,-7.589432511013884,LTE,Casablanca,0,0,1.8,macro
GRID_2024,33.57705405405405,-7.588675616739588,5G NSA,Casablanca,0,1,3.5,micro
GRID_2025,33.57705405405405,-7.587918722465292,LTE,Casablanca,0,0,1.8,macro
GRID_2026,33.57705405405405,-7.587161828190997,5G NSA,Casablanca,0,1,3.5,micro
GRID_2027,33.57705405405405,-7.586404933916701,LTE,Casablanca,0,0,1.8,macro
GRID_2028,33.57705405405405,-7.585648039642405,5G NSA,Casablanca,0,1,3.5,micro
GRID_2029,33.57705405405405,-7.584891145368109,LTE,Casablanca,0,0,1.8,macro
GRID_2030,33.57705405405405,-7.584134251093814,5G NSA,Casablanca,0,1,3.5,micro
GRID_2031,33.57705405405405,-7.583377356819518,LTE,Casablanca,0,0,1.8,macro
GRID_2032,33.57705405405405,-7.582620462545223,5G NSA,Casablanca,0,1,3.5,micro
GRID_2033,33.57705405405405,-7.581863568270927,LTE,Casablanca,0,0,1.8,macro
GRID_2034,33.57705405405405,-7.581106673996631,5G NSA,Casablanca,0,1,3.5,micro
GRID_2035,33.57705405405405,-7.580349779722336,LTE,Casablanca,0,0,1.8,macro
GRID_2036,33.57705405405405,-7.57959288544804,5G NSA,Casablanca,0,1,3.5,micro
GRID_2037,33.57705405405405,-7.578835991173745,LTE,Casablanca,0,0,1.8,macro
GRID_2038,33.57705405405405,-7.578079096899448,5G NSA,Casablanca,0,1,3.5,micro
GRID_2039,33.57705405405405,-7.577322202625153,LTE,Casablanca,0,0,1.8,macro
GRID_2040,33.57705405405405,-7.576565308350857,5G NSA,Casablanca,0,1,3.5,micro
GRID_2041,33.57705405405405,-7.575808414076562,LTE,Casablanca,0,0,1.8,macro
GRID_2042,33.57705405405405,-7.575051519802265,5G NSA,Casablanca,0,1,3.5,micro
GRID_2043,33.57705405405405,-7.57429462552797,LTE,Casablanca,0,0,1.8,macro
GRID_2044,33.57705405405405,-7.5735377312536745,5G NSA,Casablanca,0,1,3.5,micro
GRID_2045,33.57705405405405,-7.572780836979379,LTE,Casablanca,0,0,1.8,macro
GRID_2046,33.57705405405405,-7.5720239427050835,5G NSA,Casablanca,0,1,3.5,micro
GRID_2047,33.57705405405405,-7.571267048430787,LTE,Casablanca,0,0,1.8,macro
GRID_2048,33.57705405405405,-7.570510154156492,5G NSA,Casablanca,0,1,3.5,micro
GRID_2049,33.57705405405405,-7.569753259882196,LTE,Casablanca,0,0,1.8,macro
GRID_2050,33.57705405405405,-7.568996365607901,5G NSA,Casablanca,0,1,3.5,micro
GRID_2051,33.57705405405405,-7.568239471333605,LTE,Casablanca,0,0,1.8,macro
GRID_2052,33.577684684684684,-7.610625550694163,5G NSA,Casablanca,0,1,3.5,micro
GRID_2053,33.577684684684684,-7.6098686564198665,LTE,Casablanca,0,0,1.8,macro
GRID_2054,33.577684684684684,-7.609111762145571,5G NSA,Casablanca,0,1,3.5,micro
GRID_2055,33.577684684684684,-7.608354867871276,LTE,Casablanca,0,0,1.8,macro
GRID_2056,33.577684684684684,-7.60759797359698,5G NSA,Casablanca,0,1,3.5,micro
GRID_2057,33.577684684684684,-7.606841079322685,LTE,Casablanca,0,0,1.8,macro
GRID_2058,33.577684684684684,-7.606084185048388,5G NSA,Casablanca,0,1,3.5,micro
GRID_2059,33.577684684684684,-7.605327290774093,LTE,Casablanca,0,0,1.8,macro
GRID_2060,33.577684684684684,-7.604570396499797,5G NSA,Casablanca,0,1,3.5,micro
GRID_2061,33.577684684684684,-7.603813502225502,LTE,Casablanca,0,0,1.8,macro
GRID_2062,33.577684684684684,-7.603056607951205,5G NSA,Casablanca,0,1,3.5,micro
GRID_2063,33.577684684684684,-7.60229971367691,LTE,Casablanca,0,0,1.8,macro
GRID_2064,33.577684684684684,-7.6015428194026144,5G NSA,Casablanca,0,1,3.5,micro
GRID_2065,33.577684684684684,-7.600785925128319,LTE,Casablanca,0,0,1.8,macro
GRID_2066,33.577684684684684,-7.6000290308540235,5G NSA,Casablanca,0,1,3.5,micro
GRID_2067,33.577684684684684,-7.599272136579727,LTE,Casablanca,0,0,1.8,macro
GRID_2068,33.577684684684684,-7.598515242305432,5G NSA,Casablanca,0,1,3.5,micro
GRID_2069,33.577684684684684,-7.597758348031136,LTE,Casablanca,0,0,1.8,macro
GRID_2070,33.577684684684684,-7.597001453756841,5G NSA,Casablanca,0,1,3.5,micro
GRID_2071,33.577684684684684,-7.596244559482544,LTE,Casablanca,0,0,1.8,macro
GRID_2072,33.577684684684684,-7.595487665208249,5G NSA,Casablanca,0,1,3.5,micro
GRID_2073,33.577684684684684,-7.594730770933953,LTE,Casablanca,0,0,1.8,macro
GRID_2074,33.577684684684684,-7.593973876659658,5G NSA,Casablanca,0,1,3.5,micro
GRID_2075,33.577684684684684,-7.593216982385362,LTE,Casablanca,0,0,1.8,macro
GRID_2076,33.577684684684684,-7.592460088111066,5G NSA,Casablanca,0,1,3.5,micro
GRID_2077,33.577684684684684,-7.5917031938367705,LTE,Casablanca,0,0,1.8,macro
GRID_2078,33.577684684684684,-7.590946299562475,5G NSA,Casablanca,0,1,3.5,micro
GRID_2079,33.577684684684684,-7.5901894052881795,LTE,Casablanca,0,0,1.8,macro
GRID_2080,33.577684684684684,-7.589432511013884,5G NSA,Casablanca,0,1,3.5,micro
GRID_2081,33.577684684684684,-7.588675616739588,LTE,Casablanca,0,0,1.8,macro
GRID_2082,33.577684684684684,-7.587918722465292,5G NSA,Casablanca,0,1,3.5,micro
GRID_2083,33.577684684684684,-7.587161828190997,LTE,Casablanca,0,0,1.8,macro
GRID_2084,33.577684684684684,-7.586404933916701,5G NSA,Casablanca,0,1,3.5,micro
GRID_2085,33.577684684684684,-7.585648039642405,LTE,Casablanca,0,0,1.8,macro
GRID_2086,33.577684684684684,-7.584891145368109,5G NSA,Casablanca,0,1,3.5,micro
GRID_2087,33.577684684684684,-7.584134251093814,LTE,Casablanca,0,0,1.8,macro
GRID_2088,33.577684684684684,-7.583377356819518,5G NSA,Casablanca,0,1,3.5,micro
GRID_2089,33.577684684684684,-7.582620462545223,LTE,Casablanca,0,0,1.8,macro
GRID_2090,33.577684684684684,-7.581863568270927,5G NSA,Casablanca,0,1,3.5,micro
GRID_2091,33.577684684684684,-7.581106673996631,LTE,Casablanca,0,0,1.8,macro
GRID_2092,33.577684684684684,-7.580349779722336,5G NSA,Casablanca,0,1,3.5,micro
GRID_2093,33.577684684684684,-7.57959288544804,LTE,Casablanca,0,0,1.8,macro
GRID_2094,33.577684684684684,-7.578835991173745,5G NSA,Casablanca,0,1,3.5,micro
GRID_2095,33.577684684684684,-7.578079096899448,LTE,Casablanca,0,0,1.8,macro
GRID_2096,33.577684684684684,-7.577322202625153,5G NSA,Casablanca,0,1,3.5,micro
GRID_2097,33.577684684684684,-7.576565308350857,LTE,Casablanca,0,0,1.8,macro
GRID_2098,33.577684684684684,-7.575808414076562,5G NSA,Casablanca,0,1,3.5,micro
GRID_2099,33.577684684684684,-7.575051519802265,LTE,Casablanca,0,0,1.8,macro
GRID_2100,33.577684684684684,-7.57429462552797,5G NSA,Casablanca,0,1,3.5,micro
GRID_2101,33.577684684684684,-7.5735377312536745,LTE,Casablanca,0,0,1.8,macro
GRID_2102,33.577684684684684,-7.572780836979379,5G NSA,Casablanca,0,1,3.5,micro
GRID_2103,33.577684684684684,-7.5720239427050835,LTE,Casablanca,0,0,1.8,macro
GRID_2104,33.577684684684684,-7.571267048430787,5G NSA,Casablanca,0,1,3.5,micro
GRID_2105,33.577684684684684,-7.570510154156492,LTE,Casablanca,0,0,1.8,macro
GRID_2106,33.577684684684684,-7.569753259882196,5G NSA,Casablanca,0,1,3.5,micro
GRID_2107,33.577684684684684,-7.568996365607901,LTE,Casablanca,0,0,1.8,macro
GRID_2108,33.577684684684684,-7.568239471333605,5G NSA,Casablanca,0,1,3.5,micro
GRID_2109,33.578315315315315,-7.610625550694163,LTE,Casablanca,0,0,1.8,macro
GRID_2110,33.578315315315315,-7.6098686564198665,5G NSA,Casablanca,0,1,3.5,micro
GRID_2111,33.578315315315315,-7.609111762145571,LTE,Casablanca,0,0,1.8,macro
GRID_2112,33.578315315315315,-7.608354867871276,5G NSA,Casablanca,0,1,3.5,micro
GRID_2113,33.578315315315315,-7.60759797359698,LTE,Casablanca,0,0,1.8,macro
GRID_2114,33.578315315315315,-7.606841079322685,5G NSA,Casablanca,0,1,3.5,micro
GRID_2115,33.578315315315315,-7.606084185048388,LTE,Casablanca,0,0,1.8,macro
GRID_2116,33.578315315315315,-7.605327290774093,5G NSA,Casablanca,0,1,3.5,micro
GRID_2117,33.578315315315315,-7.604570396499797,LTE,Casablanca,0,0,1.8,macro
GRID_2118,33.578315315315315,-7.603813502225502,5G NSA,Casablanca,0,1,3.5,micro
GRID_2119,33.578315315315315,-7.603056607951205,LTE,Casablanca,0,0,1.8,macro
GRID_2120,33.578315315315315,-7.60229971367691,5G NSA,Casablanca,0,1,3.5,micro
GRID_2121,33.578315315315315,-7.6015428194026144,LTE,Casablanca,0,0,1.8,macro
GRID_2122,33.578315315315315,-7.600785925128319,5G NSA,Casablanca,0,1,3.5,micro
GRID_2123,33.578315315315315,-7.6000290308540235,LTE,Casablanca,0,0,1.8,macro
GRID_2124,33.578315315315315,-7.599272136579727,5G NSA,Casablanca,0,1,3.5,micro
GRID_2125,33.578315315315315,-7.598515242305432,LTE,Casablanca,0,0,1.8,macro
GRID_2126,33.578315315315315,-7.597758348031136,5G NSA,Casablanca,0,1,3.5,micro
GRID_2127,33.578315315315315,-7.597001453756841,LTE,Casablanca,0,0,1.8,macro
GRID_2128,33.578315315315315,-7.596244559482544,5G NSA,Casablanca,0,1,3.5,micro
GRID_2129,33.578315315315315,-7.595487665208249,LTE,Casablanca,0,0,1.8,macro
GRID_2130,33.578315315315315,-7.594730770933953,5G NSA,Casablanca,0,1,3.5,micro
GRID_2131,33.578315315315315,-7.593973876659658,LTE,Casablanca,0,0,1.8,macro
GRID_2132,33.578315315315315,-7.593216982385362,5G NSA,Casablanca,0,1,3.5,micro
GRID_2133,33.578315315315315,-7.592460088111066,LTE,Casablanca,0,0,1.8,macro
GRID_2134,33.578315315315315,-7.5917031938367705,5G NSA,Casablanca,0,1,3.5,micro
GRID_2135,33.578315315315315,-7.590946299562475,LTE,Casablanca,0,0,1.8,macro
GRID_2136,33.578315315315315,-7.5901894052881795,5G NSA,Casablanca,0,1,3.5,micro
GRID_2137,33.578315315315315,-7.589432511013884,LTE,Casablanca,0,0,1.8,macro
GRID_2138,33.578315315315315,-7.588675616739588,5G NSA,Casablanca,0,1,3.5,micro
GRID_2139,33.578315315315315,-7.587918722465292,LTE,Casablanca,0,0,1.8,macro
GRID_2140,33.578315315315315,-7.587161828190997,5G NSA,Casablanca,0,1,3.5,micro
GRID_2141,33.578315315315315,-7.586404933916701,LTE,Casablanca,0,0,1.8,macro
GRID_2142,33.578315315315315,-7.585648039642405,5G NSA,Casablanca,0,1,3.5,micro
GRID_2143,33.578315315315315,-7.584891145368109,LTE,Casablanca,0,0,1.8,macro
GRID_2144,33.578315315315315,-7.584134251093814,5G NSA,Casablanca,0,1,3.5,micro
GRID_2145,33.578315315315315,-7.583377356819518,LTE,Casablanca,0,0,1.8,macro
GRID_2146,33.578315315315315,-7.582620462545223,5G NSA,Casablanca,0,1,3.5,micro
GRID_2147,33.578315315315315,-7.581863568270927,LTE,Casablanca,0,0,1.8,macro
GRID_2148,33.578315315315315,-7.581106673996631,5G NSA,Casablanca,0,1,3.5,micro
GRID_2149,33.578315315315315,-7.580349779722336,LTE,Casablanca,0,0,1.8,macro
GRID_2150,33.578315315315315,-7.57959288544804,5G NSA,Casablanca,0,1,3.5,micro
GRID_2151,33.578315315315315,-7.578835991173745,LTE,Casablanca,0,0,1.8,macro
GRID_2152,33.578315315315315,-7.578079096899448,5G NSA,Casablanca,0,1,3.5,micro
GRID_2153,33.578315315315315,-7.577322202625153,LTE,Casablanca,0,0,1.8,macro
GRID_2154,33.578315315315315,-7.576565308350857,5G NSA,Casablanca,0,1,3.5,micro
GRID_2155,33.578315315315315,-7.575808414076562,LTE,Casablanca,0,0,1.8,macro
GRID_2156,33.578315315315315,-7.575051519802265,5G NSA,Casablanca,0,1,3.5,micro
GRID_2157,33.578315315315315,-7.57429462552797,LTE,Casablanca,0,0,1.8,macro
GRID_2158,33.578315315315315,-7.5735377312536745,5G NSA,Casablanca,0,1,3.5,micro
GRID_2159,33.578315315315315,-7.572780836979379,LTE,Casablanca,0,0,1.8,macro
GRID_2160,33.578315315315315,-7.5720239427050835,5G NSA,Casablanca,0,1,3.5,micro
GRID_2161,33.578315315315315,-7.571267048430787,LTE,Casablanca,0,0,1.8,macro
GRID_2162,33.578315315315315,-7.570510154156492,5G NSA,Casablanca,0,1,3.5,micro
GRID_2163,33.578315315315315,-7.569753259882196,LTE,Casablanca,0,0,1.8,macro
GRID_2164,33.578315315315315,-7.568996365607901,5G NSA,Casablanca,0,1,3.5,micro
GRID_2165,33.578315315315315,-7.568239471333605,LTE,Casablanca,0,0,1.8,macro
GRID_2166,33.57894594594595,-7.610625550694163,5G NSA,Casablanca,0,1,3.5,micro
GRID_2167,33.57894594594595,-7.6098686564198665,LTE,Casablanca,0,0,1.8,macro
GRID_2168,33.57894594594595,-7.609111762145571,5G NSA,Casablanca,0,1,3.5,micro
GRID_2169,33.57894594594595,-7.608354867871276,LTE,Casablanca,0,0,1.8,macro
GRID_2170,33.57894594594595,-7.60759797359698,5G NSA,Casablanca,0,1,3.5,micro
GRID_2171,33.57894594594595,-7.606841079322685,LTE,Casablanca,0,0,1.8,macro
GRID_2172,33.57894594594595,-7.606084185048388,5G NSA,Casablanca,0,1,3.5,micro
GRID_2173,33.57894594594595,-7.605327290774093,LTE,Casablanca,0,0,1.8,macro
GRID_2174,33.57894594594595,-7.604570396499797,5G NSA,Casablanca,0,1,3.5,micro
GRID_2175,33.57894594594595,-7.603813502225502,LTE,Casablanca,0,0,1.8,macro
GRID_2176,33.57894594594595,-7.603056607951205,5G NSA,Casablanca,0,1,3.5,micro
GRID_2177,33.57894594594595,-7.60229971367691,LTE,Casablanca,0,0,1.8,macro
GRID_2178,33.57894594594595,-7.6015428194026144,5G NSA,Casablanca,0,1,3.5,micro
GRID_2179,33.57894594594595,-7.600785925128319,LTE,Casablanca,0,0,1.8,macro
GRID_2180,33.57894594594595,-7.6000290308540235,5G NSA,Casablanca,0,1,3.5,micro
GRID_2181,33.57894594594595,-7.599272136579727,LTE,Casablanca,0,0,1.8,macro
GRID_2182,33.57894594594595,-7.598515242305432,5G NSA,Casablanca,0,1,3.5,micro
GRID_2183,33.57894594594595,-7.597758348031136,LTE,Casablanca,0,0,1.8,macro
GRID_2184,33.57894594594595,-7.597001453756841,5G NSA,Casablanca,0,1,3.5,micro
GRID_2185,33.57894594594595,-7.596244559482544,LTE,Casablanca,0,0,1.8,macro
GRID_2186,33.57894594594595,-7.595487665208249,5G NSA,Casablanca,0,1,3.5,micro
GRID_2187,33.57894594594595,-7.594730770933953,LTE,Casablanca,0,0,1.8,macro
GRID_2188,33.57894594594595,-7.593973876659658,5G NSA,Casablanca,0,1,3.5,micro
GRID_2189,33.57894594594595,-7.593216982385362,LTE,Casablanca,0,0,1.8,macro
GRID_2190,33.57894594594595,-7.592460088111066,5G NSA,Casablanca,0,1,3.5,micro
GRID_2191,33.57894594594595,-7.5917031938367705,LTE,Casablanca,0,0,1.8,macro
GRID_2192,33.57894594594595,-7.590946299562475,5G NSA,Casablanca,0,1,3.5,micro
GRID_2193,33.57894594594595,-7.5901894052881795,LTE,Casablanca,0,0,1.8,macro
GRID_2194,33.57894594594595,-7.589432511013884,5G NSA,Casablanca,0,1,3.5,micro
GRID_2195,33.57894594594595,-7.588675616739588,LTE,Casablanca,0,0,1.8,macro
GRID_2196,33.57894594594595,-7.587918722465292,5G NSA,Casablanca,0,1,3.5,micro
GRID_2197,33.57894594594595,-7.587161828190997,LTE,Casablanca,0,0,1.8,macro
GRID_2198,33.57894594594595,-7.586404933916701,5G NSA,Casablanca,0,1,3.5,micro
GRID_2199,33.57894594594595,-7.585648039642405,LTE,Casablanca,0,0,1.8,macro
GRID_2200,33.57894594594595,-7.584891145368109,5G NSA,Casablanca,0,1,3.5,micro
GRID_2201,33.57894594594595,-7.584134251093814,LTE,Casablanca,0,0,1.8,macro
GRID_2202,33.57894594594595,-7.583377356819518,5G NSA,Casablanca,0,1,3.5,micro
GRID_2203,33.57894594594595,-7.582620462545223,LTE,Casablanca,0,0,1.8,macro
GRID_2204,33.57894594594595,-7.581863568270927,5G NSA,Casablanca,0,1,3.5,micro
GRID_2205,33.57894594594595,-7.581106673996631,LTE,Casablanca,0,0,1.8,macro
GRID_2206,33.57894594594595,-7.580349779722336,5G NSA,Casablanca,0,1,3.5,micro
GRID_2207,33.57894594594595,-7.57959288544804,LTE,Casablanca,0,0,1.8,macro
GRID_2208,33.57894594594595,-7.578835991173745,5G NSA,Casablanca,0,1,3.5,micro
GRID_2209,33.57894594594595,-7.578079096899448,LTE,Casablanca,0,0,1.8,macro
GRID_2210,33.57894594594595,-7.577322202625153,5G NSA,Casablanca,0,1,3.5,micro
GRID_2211,33.57894594594595,-7.576565308350857,LTE,Casablanca,0,0,1.8,macro
GRID_2212,33.57894594594595,-7.575808414076562,5G NSA,Casablanca,0,1,3.5,micro
GRID_2213,33.57894594594595,-7.575051519802265,LTE,Casablanca,0,0,1.8,macro
GRID_2214,33.57894594594595,-7.57429462552797,5G NSA,Casablanca,0,1,3.5,micro
GRID_2215,33.57894594594595,-7.5735377312536745,LTE,Casablanca,0,0,1.8,macro
GRID_2216,33.57894594594595,-7.572780836979379,5G NSA,Casablanca,0,1,3.5,micro
GRID_2217,33.57894594594595,-7.5720239427050835,LTE,Casablanca,0,0,1.8,macro
GRID_2218,33.57894594594595,-7.571267048430787,5G NSA,Casablanca,0,1,3.5,micro
GRID_2219,33.57894594594595,-7.570510154156492,LTE,Casablanca,0,0,1.8,macro
GRID_2220,33.57894594594595,-7.569753259882196,5G NSA,Casablanca,0,1,3.5,micro
GRID_2221,33.57894594594595,-7.568996365607901,LTE,Casablanca,0,0,1.8,macro
GRID_2222,33.57894594594595,-7.568239471333605,5G NSA,Casablanca,0,1,3.5,micro
GRID_2223,33.57957657657658,-7.610625550694163,LTE,Casablanca,0,0,1.8,macro
GRID_2224,33.57957657657658,-7.6098686564198665,5G NSA,Casablanca,0,1,3.5,micro
GRID_2225,33.57957657657658,-7.609111762145571,LTE,Casablanca,0,0,1.8,macro
GRID_2226,33.57957657657658,-7.608354867871276,5G NSA,Casablanca,0,1,3.5,micro
GRID_2227,33.57957657657658,-7.60759797359698,LTE,Casablanca,0,0,1.8,macro
GRID_2228,33.57957657657658,-7.606841079322685,5G NSA,Casablanca,0,1,3.5,micro
GRID_2229,33.57957657657658,-7.606084185048388,LTE,Casablanca,0,0,1.8,macro
GRID_2230,33.57957657657658,-7.605327290774093,5G NSA,Casablanca,0,1,3.5,micro
GRID_2231,33.57957657657658,-7.604570396499797,LTE,Casablanca,0,0,1.8,macro
GRID_2232,33.57957657657658,-7.603813502225502,5G NSA,Casablanca,0,1,3.5,micro
GRID_2233,33.57957657657658,-7.603056607951205,LTE,Casablanca,0,0,1.8,macro
GRID_2234,33.57957657657658,-7.60229971367691,5G NSA,Casablanca,0,1,3.5,micro
GRID_2235,33.57957657657658,-7.6015428194026144,LTE,Casablanca,0,0,1.8,macro
GRID_2236,33.57957657657658,-7.600785925128319,5G NSA,Casablanca,0,1,3.5,micro
GRID_2237,33.57957657657658,-7.6000290308540235,LTE,Casablanca,0,0,1.8,macro
GRID_2238,33.57957657657658,-7.599272136579727,5G NSA,Casablanca,0,1,3.5,micro
GRID_2239,33.57957657657658,-7.598515242305432,LTE,Casablanca,0,0,1.8,macro
GRID_2240,33.57957657657658,-7.597758348031136,5G NSA,Casablanca,0,1,3.5,micro
GRID_2241,33.57957657657658,-7.597001453756841,LTE,Casablanca,0,0,1.8,macro
GRID_2242,33.57957657657658,-7.596244559482544,5G NSA,Casablanca,0,1,3.5,micro
GRID_2243,33.57957657657658,-7.595487665208249,LTE,Casablanca,0,0,1.8,macro
GRID_2244,33.57957657657658,-7.594730770933953,5G NSA,Casablanca,0,1,3.5,micro
GRID_2245,33.57957657657658,-7.593973876659658,LTE,Casablanca,0,0,1.8,macro
GRID_2246,33.57957657657658,-7.593216982385362,5G NSA,Casablanca,0,1,3.5,micro
GRID_2247,33.57957657657658,-7.592460088111066,LTE,Casablanca,0,0,1.8,macro
GRID_2248,33.57957657657658,-7.5917031938367705,5G NSA,Casablanca,0,1,3.5,micro
GRID_2249,33.57957657657658,-7.590946299562475,LTE,Casablanca,0,0,1.8,macro
GRID_2250,33.57957657657658,-7.5901894052881795,5G NSA,Casablanca,0,1,3.5,micro
GRID_2251,33.57957657657658,-7.589432511013884,LTE,Casablanca,0,0,1.8,macro
GRID_2252,33.57957657657658,-7.588675616739588,5G NSA,Casablanca,0,1,3.5,micro
GRID_2253,33.57957657657658,-7.587918722465292,LTE,Casablanca,0,0,1.8,macro
GRID_2254,33.57957657657658,-7.587161828190997,5G NSA,Casablanca,0,1,3.5,micro
GRID_2255,33.57957657657658,-7.586404933916701,LTE,Casablanca,0,0,1.8,macro
GRID_2256,33.57957657657658,-7.585648039642405,5G NSA,Casablanca,0,1,3.5,micro
GRID_2257,33.57957657657658,-7.584891145368109,LTE,Casablanca,0,0,1.8,macro
GRID_2258,33.57957657657658,-7.584134251093814,5G NSA,Casablanca,0,1,3.5,micro
GRID_2259,33.57957657657658,-7.583377356819518,LTE,Casablanca,0,0,1.8,macro
GRID_2260,33.57957657657658,-7.582620462545223,5G NSA,Casablanca,0,1,3.5,micro
GRID_2261,33.57957657657658,-7.581863568270927,LTE,Casablanca,0,0,1.8,macro
GRID_2262,33.57957657657658,-7.581106673996631,5G NSA,Casablanca,0,1,3.5,micro
GRID_2263,33.57957657657658,-7.580349779722336,LTE,Casablanca,0,0,1.8,macro
GRID_2264,33.57957657657658,-7.57959288544804,5G NSA,Casablanca,0,1,3.5,micro
GRID_2265,33.57957657657658,-7.578835991173745,LTE,Casablanca,0,0,1.8,macro
GRID_2266,33.57957657657658,-7.578079096899448,5G NSA,Casablanca,0,1,3.5,micro
GRID_2267,33.57957657657658,-7.577322202625153,LTE,Casablanca,0,0,1.8,macro
GRID_2268,33.57957657657658,-7.576565308350857,5G NSA,Casablanca,0,1,3.5,micro
GRID_2269,33.57957657657658,-7.575808414076562,LTE,Casablanca,0,0,1.8,macro
GRID_2270,33.57957657657658,-7.575051519802265,5G NSA,Casablanca,0,1,3.5,micro
GRID_2271,33.57957657657658,-7.57429462552797,LTE,Casablanca,0,0,1.8,macro
GRID_2272,33.57957657657658,-7.5735377312536745,5G NSA,Casablanca,0,1,3.5,micro
GRID_2273,33.57957657657658,-7.572780836979379,LTE,Casablanca,0,0,1.8,macro
GRID_2274,33.57957657657658,-7.5720239427050835,5G NSA,Casablanca,0,1,3.5,micro
GRID_2275,33.57957657657658,-7.571267048430787,LTE,Casablanca,0,0,1.8,macro
GRID_2276,33.57957657657658,-7.570510154156492,5G NSA,Casablanca,0,1,3.5,micro
GRID_2277,33.57957657657658,-7.569753259882196,LTE,Casablanca,0,0,1.8,macro
GRID_2278,33.57957657657658,-7.568996365607901,5G NSA,Casablanca,0,1,3.5,micro
GRID_2279,33.57957657657658,-7.568239471333605,LTE,Casablanca,0,0,1.8,macro
GRID_2280,33.58020720720721,-7.610625550694163,5G NSA,Casablanca,0,1,3.5,micro
GRID_2281,33.58020720720721,-7.6098686564198665,LTE,Casablanca,0,0,1.8,macro
GRID_2282,33.58020720720721,-7.609111762145571,5G NSA,Casablanca,0,1,3.5,micro
GRID_2283,33.58020720720721,-7.608354867871276,LTE,Casablanca,0,0,1.8,macro
GRID_2284,33.58020720720721,-7.60759797359698,5G NSA,Casablanca,0,1,3.5,micro
GRID_2285,33.58020720720721,-7.606841079322685,LTE,Casablanca,0,0,1.8,macro
GRID_2286,33.58020720720721,-7.606084185048388,5G NSA,Casablanca,0,1,3.5,micro
GRID_2287,33.58020720720721,-7.605327290774093,LTE,Casablanca,0,0,1.8,macro
GRID_2288,33.58020720720721,-7.604570396499797,5G NSA,Casablanca,0,1,3.5,micro
GRID_2289,33.58020720720721,-7.603813502225502,LTE,Casablanca,0,0,1.8,macro
GRID_2290,33.58020720720721,-7.603056607951205,5G NSA,Casablanca,0,1,3.5,micro
GRID_2291,33.58020720720721,-7.60229971367691,LTE,Casablanca,0,0,1.8,macro
GRID_2292,33.58020720720721,-7.6015428194026144,5G NSA,Casablanca,0,1,3.5,micro
GRID_2293,33.58020720720721,-7.600785925128319,LTE,Casablanca,0,0,1.8,macro
GRID_2294,33.58020720720721,-7.6000290308540235,5G NSA,Casablanca,0,1,3.5,micro
GRID_2295,33.58020720720721,-7.599272136579727,LTE,Casablanca,0,0,1.8,macro
GRID_2296,33.58020720720721,-7.598515242305432,5G NSA,Casablanca,0,1,3.5,micro
GRID_2297,33.58020720720721,-7.597758348031136,LTE,Casablanca,0,0,1.8,macro
GRID_2298,33.58020720720721,-7.597001453756841,5G NSA,Casablanca,0,1,3.5,micro
GRID_2299,33.58020720720721,-7.596244559482544,LTE,Casablanca,0,0,1.8,macro
GRID_2300,33.58020720720721,-7.595487665208249,5G NSA,Casablanca,0,1,3.5,micro
GRID_2301,33.58020720720721,-7.594730770933953,LTE,Casablanca,0,0,1.8,macro
GRID_2302,33.58020720720721,-7.593973876659658,5G NSA,Casablanca,0,1,3.5,micro
GRID_2303,33.58020720720721,-7.593216982385362,LTE,Casablanca,0,0,1.8,macro
GRID_2304,33.58020720720721,-7.592460088111066,5G NSA,Casablanca,0,1,3.5,micro
GRID_2305,33.58020720720721,-7.5917031938367705,LTE,Casablanca,0,0,1.8,macro
GRID_2306,33.58020720720721,-7.590946299562475,5G NSA,Casablanca,0,1,3.5,micro
GRID_2307,33.58020720720721,-7.5901894052881795,LTE,Casablanca,0,0,1.8,macro
GRID_2308,33.58020720720721,-7.589432511013884,5G NSA,Casablanca,0,1,3.5,micro
GRID_2309,33.58020720720721,-7.588675616739588,LTE,Casablanca,0,0,1.8,macro
GRID_2310,33.58020720720721,-7.587918722465292,5G NSA,Casablanca,0,1,3.5,micro
GRID_2311,33.58020720720721,-7.587161828190997,LTE,Casablanca,0,0,1.8,macro
GRID_2312,33.58020720720721,-7.586404933916701,5G NSA,Casablanca,0,1,3.5,micro
GRID_2313,33.58020720720721,-7.585648039642405,LTE,Casablanca,0,0,1.8,macro
GRID_2314,33.58020720720721,-7.584891145368109,5G NSA,Casablanca,0,1,3.5,micro
GRID_2315,33.58020720720721,-7.584134251093814,LTE,Casablanca,0,0,1.8,macro
GRID_2316,33.58020720720721,-7.583377356819518,5G NSA,Casablanca,0,1,3.5,micro
GRID_2317,33.58020720720721,-7.582620462545223,LTE,Casablanca,0,0,1.8,macro
GRID_2318,33.58020720720721,-7.581863568270927,5G NSA,Casablanca,0,1,3.5,micro
GRID_2319,33.58020720720721,-7.581106673996631,LTE,Casablanca,0,0,1.8,macro
GRID_2320,33.58020720720721,-7.580349779722336,5G NSA,Casablanca,0,1,3.5,micro
GRID_2321,33.58020720720721,-7.57959288544804,LTE,Casablanca,0,0,1.8,macro
GRID_2322,33.58020720720721,-7.578835991173745,5G NSA,Casablanca,0,1,3.5,micro
GRID_2323,33.58020720720721,-7.578079096899448,LTE,Casablanca,0,0,1.8,macro
GRID_2324,33.58020720720721,-7.577322202625153,5G NSA,Casablanca,0,1,3.5,micro
GRID_2325,33.58020720720721,-7.576565308350857,LTE,Casablanca,0,0,1.8,macro
GRID_2326,33.58020720720721,-7.575808414076562,5G NSA,Casablanca,0,1,3.5,micro
GRID_2327,33.58020720720721,-7.575051519802265,LTE,Casablanca,0,0,1.8,macro
GRID_2328,33.58020720720721,-7.57429462552797,5G NSA,Casablanca,0,1,3.5,micro
GRID_2329,33.58020720720721,-7.5735377312536745,LTE,Casablanca,0,0,1.8,macro
GRID_2330,33.58020720720721,-7.572780836979379,5G NSA,Casablanca,0,1,3.5,micro
GRID_2331,33.58020720720721,-7.5720239427050835,LTE,Casablanca,0,0,1.8,macro
GRID_2332,33.58020720720721,-7.571267048430787,5G NSA,Casablanca,0,1,3.5,micro
GRID_2333,33.58020720720721,-7.570510154156492,LTE,Casablanca,0,0,1.8,macro
GRID_2334,33.58020720720721,-7.569753259882196,5G NSA,Casablanca,0,1,3.5,micro
GRID_2335,33.58020720720721,-7.568996365607901,LTE,Casablanca,0,0,1.8,macro
GRID_2336,33.58020720720721,-7.568239471333605,5G NSA,Casablanca,0,1,3.5,micro
GRID_2337,33.58083783783784,-7.610625550694163,LTE,Casablanca,0,0,1.8,macro
GRID_2338,33.58083783783784,-7.6098686564198665,5G NSA,Casablanca,0,1,3.5,micro
GRID_2339,33.58083783783784,-7.609111762145571,LTE,Casablanca,0,0,1.8,macro
GRID_2340,33.58083783783784,-7.608354867871276,5G NSA,Casablanca,0,1,3.5,micro
GRID_2341,33.58083783783784,-7.60759797359698,LTE,Casablanca,0,0,1.8,macro
GRID_2342,33.58083783783784,-7.606841079322685,5G NSA,Casablanca,0,1,3.5,micro
GRID_2343,33.58083783783784,-7.606084185048388,LTE,Casablanca,0,0,1.8,macro
GRID_2344,33.58083783783784,-7.605327290774093,5G NSA,Casablanca,0,1,3.5,micro
GRID_2345,33.58083783783784,-7.604570396499797,LTE,Casablanca,0,0,1.8,macro
GRID_2346,33.58083783783784,-7.603813502225502,5G NSA,Casablanca,0,1,3.5,micro
GRID_2347,33.58083783783784,-7.603056607951205,LTE,Casablanca,0,0,1.8,macro
GRID_2348,33.58083783783784,-7.60229971367691,5G NSA,Casablanca,0,1,3.5,micro
GRID_2349,33.58083783783784,-7.6015428194026144,LTE,Casablanca,0,0,1.8,macro
GRID_2350,33.58083783783784,-7.600785925128319,5G NSA,Casablanca,0,1,3.5,micro
GRID_2351,33.58083783783784,-7.6000290308540235,LTE,Casablanca,0,0,1.8,macro
GRID_2352,33.58083783783784,-7.599272136579727,5G NSA,Casablanca,0,1,3.5,micro
GRID_2353,33.58083783783784,-7.598515242305432,LTE,Casablanca,0,0,1.8,macro
GRID_2354,33.58083783783784,-7.597758348031136,5G NSA,Casablanca,0,1,3.5,micro
GRID_2355,33.58083783783784,-7.597001453756841,LTE,Casablanca,0,0,1.8,macro
GRID_2356,33.58083783783784,-7.596244559482544,5G NSA,Casablanca,0,1,3.5,micro
GRID_2357,33.58083783783784,-7.595487665208249,LTE,Casablanca,0,0,1.8,macro
GRID_2358,33.58083783783784,-7.594730770933953,5G NSA,Casablanca,0,1,3.5,micro
GRID_2359,33.58083783783784,-7.593973876659658,LTE,Casablanca,0,0,1.8,macro
GRID_2360,33.58083783783784,-7.593216982385362,5G NSA,Casablanca,0,1,3.5,micro
GRID_2361,33.58083783783784,-7.592460088111066,LTE,Casablanca,0,0,1.8,macro
GRID_2362,33.58083783783784,-7.5917031938367705,5G NSA,Casablanca,0,1,3.5,micro
GRID_2363,33.58083783783784,-7.590946299562475,LTE,Casablanca,0,0,1.8,macro
GRID_2364,33.58083783783784,-7.5901894052881795,5G NSA,Casablanca,0,1,3.5,micro
GRID_2365,33.58083783783784,-7.589432511013884,LTE,Casablanca,0,0,1.8,macro
GRID_2366,33.58083783783784,-7.588675616739588,5G NSA,Casablanca,0,1,3.5,micro
GRID_2367,33.58083783783784,-7.587918722465292,LTE,Casablanca,0,0,1.8,macro
GRID_2368,33.58083783783784,-7.587161828190997,5G NSA,Casablanca,0,1,3.5,micro
GRID_2369,33.58083783783784,-7.586404933916701,LTE,Casablanca,0,0,1.8,macro
GRID_2370,33.58083783783784,-7.585648039642405,5G NSA,Casablanca,0,1,3.5,micro
GRID_2371,33.58083783783784,-7.584891145368109,LTE,Casablanca,0,0,1.8,macro
GRID_2372,33.58083783783784,-7.584134251093814,5G NSA,Casablanca,0,1,3.5,micro
GRID_2373,33.58083783783784,-7.583377356819518,LTE,Casablanca,0,0,1.8,macro
GRID_2374,33.58083783783784,-7.582620462545223,5G NSA,Casablanca,0,1,3.5,micro
GRID_2375,33.58083783783784,-7.581863568270927,LTE,Casablanca,0,0,1.8,macro
GRID_2376,33.58083783783784,-7.581106673996631,5G NSA,Casablanca,0,1,3.5,micro
GRID_2377,33.58083783783784,-7.580349779722336,LTE,Casablanca,0,0,1.8,macro
GRID_2378,33.58083783783784,-7.57959288544804,5G NSA,Casablanca,0,1,3.5,micro
GRID_2379,33.58083783783784,-7.578835991173745,LTE,Casablanca,0,0,1.8,macro
GRID_2380,33.58083783783784,-7.578079096899448,5G NSA,Casablanca,0,1,3.5,micro
GRID_2381,33.58083783783784,-7.577322202625153,LTE,Casablanca,0,0,1.8,macro
GRID_2382,33.58083783783784,-7.576565308350857,5G NSA,Casablanca,0,1,3.5,micro
GRID_2383,33.58083783783784,-7.575808414076562,LTE,Casablanca,0,0,1.8,macro
GRID_2384,33.58083783783784,-7.575051519802265,5G NSA,Casablanca,0,1,3.5,micro
GRID_2385,33.58083783783784,-7.57429462552797,LTE,Casablanca,0,0,1.8,macro
GRID_2386,33.58083783783784,-7.5735377312536745,5G NSA,Casablanca,0,1,3.5,micro
GRID_2387,33.58083783783784,-7.572780836979379,LTE,Casablanca,0,0,1.8,macro
GRID_2388,33.58083783783784,-7.5720239427050835,5G NSA,Casablanca,0,1,3.5,micro
GRID_2389,33.58083783783784,-7.571267048430787,LTE,Casablanca,0,0,1.8,macro
GRID_2390,33.58083783783784,-7.570510154156492,5G NSA,Casablanca,0,1,3.5,micro
GRID_2391,33.58083783783784,-7.569753259882196,LTE,Casablanca,0,0,1.8,macro
GRID_2392,33.58083783783784,-7.568996365607901,5G NSA,Casablanca,0,1,3.5,micro
GRID_2393,33.58083783783784,-7.568239471333605,LTE,Casablanca,0,0,1.8,macro
GRID_2394,33.58146846846847,-7.610625550694163,5G NSA,Casablanca,0,1,3.5,micro
GRID_2395,33.58146846846847,-7.6098686564198665,LTE,Casablanca,0,0,1.8,macro
GRID_2396,33.58146846846847,-7.609111762145571,5G NSA,Casablanca,0,1,3.5,micro
GRID_2397,33.58146846846847,-7.608354867871276,LTE,Casablanca,0,0,1.8,macro
GRID_2398,33.58146846846847,-7.60759797359698,5G NSA,Casablanca,0,1,3.5,micro
GRID_2399,33.58146846846847,-7.606841079322685,LTE,Casablanca,0,0,1.8,macro
GRID_2400,33.58146846846847,-7.606084185048388,5G NSA,Casablanca,0,1,3.5,micro
GRID_2401,33.58146846846847,-7.605327290774093,LTE,Casablanca,0,0,1.8,macro
GRID_2402,33.58146846846847,-7.604570396499797,5G NSA,Casablanca,0,1,3.5,micro
GRID_2403,33.58146846846847,-7.603813502225502,LTE,Casablanca,0,0,1.8,macro
GRID_2404,33.58146846846847,-7.603056607951205,5G NSA,Casablanca,0,1,3.5,micro
GRID_2405,33.58146846846847,-7.60229971367691,LTE,Casablanca,0,0,1.8,macro
GRID_2406,33.58146846846847,-7.6015428194026144,5G NSA,Casablanca,0,1,3.5,micro
GRID_2407,33.58146846846847,-7.600785925128319,LTE,Casablanca,0,0,1.8,macro
GRID_2408,33.58146846846847,-7.6000290308540235,5G NSA,Casablanca,0,1,3.5,micro
GRID_2409,33.58146846846847,-7.599272136579727,LTE,Casablanca,0,0,1.8,macro
GRID_2410,33.58146846846847,-7.598515242305432,5G NSA,Casablanca,0,1,3.5,micro
GRID_2411,33.58146846846847,-7.597758348031136,LTE,Casablanca,0,0,1.8,macro
GRID_2412,33.58146846846847,-7.597001453756841,5G NSA,Casablanca,0,1,3.5,micro
GRID_2413,33.58146846846847,-7.596244559482544,LTE,Casablanca,0,0,1.8,macro
GRID_2414,33.58146846846847,-7.595487665208249,5G NSA,Casablanca,0,1,3.5,micro
GRID_2415,33.58146846846847,-7.594730770933953,LTE,Casablanca,0,0,1.8,macro
GRID_2416,33.58146846846847,-7.593973876659658,5G NSA,Casablanca,0,1,3.5,micro
GRID_2417,33.58146846846847,-7.593216982385362,LTE,Casablanca,0,0,1.8,macro
GRID_2418,33.58146846846847,-7.592460088111066,5G NSA,Casablanca,0,1,3.5,micro
GRID_2419,33.58146846846847,-7.5917031938367705,LTE,Casablanca,0,0,1.8,macro
GRID_2420,33.58146846846847,-7.590946299562475,5G NSA,Casablanca,0,1,3.5,micro
GRID_2421,33.58146846846847,-7.5901894052881795,LTE,Casablanca,0,0,1.8,macro
GRID_2422,33.58146846846847,-7.589432511013884,5G NSA,Casablanca,0,1,3.5,micro
GRID_2423,33.58146846846847,-7.588675616739588,LTE,Casablanca,0,0,1.8,macro
GRID_2424,33.58146846846847,-7.587918722465292,5G NSA,Casablanca,0,1,3.5,micro
GRID_2425,33.58146846846847,-7.587161828190997,LTE,Casablanca,0,0,1.8,macro
GRID_2426,33.58146846846847,-7.586404933916701,5G NSA,Casablanca,0,1,3.5,micro
GRID_2427,33.58146846846847,-7.585648039642405,LTE,Casablanca,0,0,1.8,macro
GRID_2428,33.58146846846847,-7.584891145368109,5G NSA,Casablanca,0,1,3.5,micro
GRID_2429,33.58146846846847,-7.584134251093814,LTE,Casablanca,0,0,1.8,macro
GRID_2430,33.58146846846847,-7.583377356819518,5G NSA,Casablanca,0,1,3.5,micro
GRID_2431,33.58146846846847,-7.582620462545223,LTE,Casablanca,0,0,1.8,macro
GRID_2432,33.58146846846847,-7.581863568270927,5G NSA,Casablanca,0,1,3.5,micro
GRID_2433,33.58146846846847,-7.581106673996631,LTE,Casablanca,0,0,1.8,macro
GRID_2434,33.58146846846847,-7.580349779722336,5G NSA,Casablanca,0,1,3.5,micro
GRID_2435,33.58146846846847,-7.57959288544804,LTE,Casablanca,0,0,1.8,macro
GRID_2436,33.58146846846847,-7.578835991173745,5G NSA,Casablanca,0,1,3.5,micro
GRID_2437,33.58146846846847,-7.578079096899448,LTE,Casablanca,0,0,1.8,macro
GRID_2438,33.58146846846847,-7.577322202625153,5G NSA,Casablanca,0,1,3.5,micro
GRID_2439,33.58146846846847,-7.576565308350857,LTE,Casablanca,0,0,1.8,macro
GRID_2440,33.58146846846847,-7.575808414076562,5G NSA,Casablanca,0,1,3.5,micro
GRID_2441,33.58146846846847,-7.575051519802265,LTE,Casablanca,0,0,1.8,macro
GRID_2442,33.58146846846847,-7.57429462552797,5G NSA,Casablanca,0,1,3.5,micro
GRID_2443,33.58146846846847,-7.5735377312536745,LTE,Casablanca,0,0,1.8,macro
GRID_2444,33.58146846846847,-7.572780836979379,5G NSA,Casablanca,0,1,3.5,micro
GRID_2445,33.58146846846847,-7.5720239427050835,LTE,Casablanca,0,0,1.8,macro
GRID_2446,33.58146846846847,-7.571267048430787,5G NSA,Casablanca,0,1,3.5,micro
GRID_2447,33.58146846846847,-7.570510154156492,LTE,Casablanca,0,0,1.8,macro
GRID_2448,33.58146846846847,-7.569753259882196,5G NSA,Casablanca,0,1,3.5,micro
GRID_2449,33.58146846846847,-7.568996365607901,LTE,Casablanca,0,0,1.8,macro
GRID_2450,33.58146846846847,-7.568239471333605,5G NSA,Casablanca,0,1,3.5,micro
GRID_2451,33.582099099099096,-7.610625550694163,LTE,Casablanca,0,0,1.8,macro
GRID_2452,33.582099099099096,-7.6098686564198665,5G NSA,Casablanca,0,1,3.5,micro
GRID_2453,33.582099099099096,-7.609111762145571,LTE,Casablanca,0,0,1.8,macro
GRID_2454,33.582099099099096,-7.608354867871276,5G NSA,Casablanca,0,1,3.5,micro
GRID_2455,33.582099099099096,-7.60759797359698,LTE,Casablanca,0,0,1.8,macro
GRID_2456,33.582099099099096,-7.606841079322685,5G NSA,Casablanca,0,1,3.5,micro
GRID_2457,33.582099099099096,-7.606084185048388,LTE,Casablanca,0,0,1.8,macro
GRID_2458,33.582099099099096,-7.605327290774093,5G NSA,Casablanca,0,1,3.5,micro
GRID_2459,33.582099099099096,-7.604570396499797,LTE,Casablanca,0,0,1.8,macro
GRID_2460,33.582099099099096,-7.603813502225502,5G NSA,Casablanca,0,1,3.5,micro
GRID_2461,33.582099099099096,-7.603056607951205,LTE,Casablanca,0,0,1.8,macro
GRID_2462,33.582099099099096,-7.60229971367691,5G NSA,Casablanca,0,1,3.5,micro
GRID_2463,33.582099099099096,-7.6015428194026144,LTE,Casablanca,0,0,1.8,macro
GRID_2464,33.582099099099096,-7.600785925128319,5G NSA,Casablanca,0,1,3.5,micro
GRID_2465,33.582099099099096,-7.6000290308540235,LTE,Casablanca,0,0,1.8,macro
GRID_2466,33.582099099099096,-7.599272136579727,5G NSA,Casablanca,0,1,3.5,micro
GRID_2467,33.582099099099096,-7.598515242305432,LTE,Casablanca,0,0,1.8,macro
GRID_2468,33.582099099099096,-7.597758348031136,5G NSA,Casablanca,0,1,3.5,micro
GRID_2469,33.582099099099096,-7.597001453756841,LTE,Casablanca,0,0,1.8,macro
GRID_2470,33.582099099099096,-7.596244559482544,5G NSA,Casablanca,0,1,3.5,micro
GRID_2471,33.582099099099096,-7.595487665208249,LTE,Casablanca,0,0,1.8,macro
GRID_2472,33.582099099099096,-7.594730770933953,5G NSA,Casablanca,0,1,3.5,micro
GRID_2473,33.582099099099096,-7.593973876659658,LTE,Casablanca,0,0,1.8,macro
GRID_2474,33.582099099099096,-7.593216982385362,5G NSA,Casablanca,0,1,3.5,micro
GRID_2475,33.582099099099096,-7.592460088111066,LTE,Casablanca,0,0,1.8,macro
GRID_2476,33.582099099099096,-7.5917031938367705,5G NSA,Casablanca,0,1,3.5,micro
GRID_2477,33.582099099099096,-7.590946299562475,LTE,Casablanca,0,0,1.8,macro
GRID_2478,33.582099099099096,-7.5901894052881795,5G NSA,Casablanca,0,1,3.5,micro
GRID_2479,33.582099099099096,-7.589432511013884,LTE,Casablanca,0,0,1.8,macro
GRID_2480,33.582099099099096,-7.588675616739588,5G NSA,Casablanca,0,1,3.5,micro
GRID_2481,33.582099099099096,-7.587918722465292,LTE,Casablanca,0,0,1.8,macro
GRID_2482,33.582099099099096,-7.587161828190997,5G NSA,Casablanca,0,1,3.5,micro
GRID_2483,33.582099099099096,-7.586404933916701,LTE,Casablanca,0,0,1.8,macro
GRID_2484,33.582099099099096,-7.585648039642405,5G NSA,Casablanca,0,1,3.5,micro
GRID_2485,33.582099099099096,-7.584891145368109,LTE,Casablanca,0,0,1.8,macro
GRID_2486,33.582099099099096,-7.584134251093814,5G NSA,Casablanca,0,1,3.5,micro
GRID_2487,33.582099099099096,-7.583377356819518,LTE,Casablanca,0,0,1.8,macro
GRID_2488,33.582099099099096,-7.582620462545223,5G NSA,Casablanca,0,1,3.5,micro
GRID_2489,33.582099099099096,-7.581863568270927,LTE,Casablanca,0,0,1.8,macro
GRID_2490,33.582099099099096,-7.581106673996631,5G NSA,Casablanca,0,1,3.5,micro
GRID_2491,33.582099099099096,-7.580349779722336,LTE,Casablanca,0,0,1.8,macro
GRID_2492,33.582099099099096,-7.57959288544804,5G NSA,Casablanca,0,1,3.5,micro
GRID_2493,33.582099099099096,-7.578835991173745,LTE,Casablanca,0,0,1.8,macro
GRID_2494,33.582099099099096,-7.578079096899448,5G NSA,Casablanca,0,1,3.5,micro
GRID_2495,33.582099099099096,-7.577322202625153,LTE,Casablanca,0,0,1.8,macro
GRID_2496,33.582099099099096,-7.576565308350857,5G NSA,Casablanca,0,1,3.5,micro
GRID_2497,33.582099099099096,-7.575808414076562,LTE,Casablanca,0,0,1.8,macro
GRID_2498,33.582099099099096,-7.575051519802265,5G NSA,Casablanca,0,1,3.5,micro
GRID_2499,33.582099099099096,-7.57429462552797,LTE,Casablanca,0,0,1.8,macro
GRID_2500,33.582099099099096,-7.5735377312536745,5G NSA,Casablanca,0,1,3.5,micro
GRID_2501,33.582099099099096,-7.572780836979379,LTE,Casablanca,0,0,1.8,macro
GRID_2502,33.582099099099096,-7.5720239427050835,5G NSA,Casablanca,0,1,3.5,micro
GRID_2503,33.582099099099096,-7.571267048430787,LTE,Casablanca,0,0,1.8,macro
GRID_2504,33.582099099099096,-7.570510154156492,5G NSA,Casablanca,0,1,3.5,micro
GRID_2505,33.582099099099096,-7.569753259882196,LTE,Casablanca,0,0,1.8,macro
GRID_2506,33.582099099099096,-7.568996365607901,5G NSA,Casablanca,0,1,3.5,micro
GRID_2507,33.582099099099096,-7.568239471333605,LTE,Casablanca,0,0,1.8,macro
GRID_2508,33.58272972972973,-7.610625550694163,5G NSA,Casablanca,0,1,3.5,micro
GRID_2509,33.58272972972973,-7.6098686564198665,LTE,Casablanca,0,0,1.8,macro
GRID_2510,33.58272972972973,-7.609111762145571,5G NSA,Casablanca,0,1,3.5,micro
GRID_2511,33.58272972972973,-7.608354867871276,LTE,Casablanca,0,0,1.8,macro
GRID_2512,33.58272972972973,-7.60759797359698,5G NSA,Casablanca,0,1,3.5,micro
GRID_2513,33.58272972972973,-7.606841079322685,LTE,Casablanca,0,0,1.8,macro
GRID_2514,33.58272972972973,-7.606084185048388,5G NSA,Casablanca,0,1,3.5,micro
GRID_2515,33.58272972972973,-7.605327290774093,LTE,Casablanca,0,0,1.8,macro
GRID_2516,33.58272972972973,-7.604570396499797,5G NSA,Casablanca,0,1,3.5,micro
GRID_2517,33.58272972972973,-7.603813502225502,LTE,Casablanca,0,0,1.8,macro
GRID_2518,33.58272972972973,-7.603056607951205,5G NSA,Casablanca,0,1,3.5,micro
GRID_2519,33.58272972972973,-7.60229971367691,LTE,Casablanca,0,0,1.8,macro
GRID_2520,33.58272972972973,-7.6015428194026144,5G NSA,Casablanca,0,1,3.5,micro
GRID_2521,33.58272972972973,-7.600785925128319,LTE,Casablanca,0,0,1.8,macro
GRID_2522,33.58272972972973,-7.6000290308540235,5G NSA,Casablanca,0,1,3.5,micro
GRID_2523,33.58272972972973,-7.599272136579727,LTE,Casablanca,0,0,1.8,macro
GRID_2524,33.58272972972973,-7.598515242305432,5G NSA,Casablanca,0,1,3.5,micro
GRID_2525,33.58272972972973,-7.597758348031136,LTE,Casablanca,0,0,1.8,macro
GRID_2526,33.58272972972973,-7.597001453756841,5G NSA,Casablanca,0,1,3.5,micro
GRID_2527,33.58272972972973,-7.596244559482544,LTE,Casablanca,0,0,1.8,macro
GRID_2528,33.58272972972973,-7.595487665208249,5G NSA,Casablanca,0,1,3.5,micro
GRID_2529,33.58272972972973,-7.594730770933953,LTE,Casablanca,0,0,1.8,macro
GRID_2530,33.58272972972973,-7.593973876659658,5G NSA,Casablanca,0,1,3.5,micro
GRID_2531,33.58272972972973,-7.593216982385362,LTE,Casablanca,0,0,1.8,macro
GRID_2532,33.58272972972973,-7.592460088111066,5G NSA,Casablanca,0,1,3.5,micro
GRID_2533,33.58272972972973,-7.5917031938367705,LTE,Casablanca,0,0,1.8,macro
GRID_2534,33.58272972972973,-7.590946299562475,5G NSA,Casablanca,0,1,3.5,micro
GRID_2535,33.58272972972973,-7.5901894052881795,LTE,Casablanca,0,0,1.8,macro
GRID_2536,33.58272972972973,-7.589432511013884,5G NSA,Casablanca,0,1,3.5,micro
GRID_2537,33.58272972972973,-7.588675616739588,LTE,Casablanca,0,0,1.8,macro
GRID_2538,33.58272972972973,-7.587918722465292,5G NSA,Casablanca,0,1,3.5,micro
GRID_2539,33.58272972972973,-7.587161828190997,LTE,Casablanca,0,0,1.8,macro
GRID_2540,33.58272972972973,-7.586404933916701,5G NSA,Casablanca,0,1,3.5,micro
GRID_2541,33.58272972972973,-7.585648039642405,LTE,Casablanca,0,0,1.8,macro
GRID_2542,33.58272972972973,-7.584891145368109,5G NSA,Casablanca,0,1,3.5,micro
GRID_2543,33.58272972972973,-7.584134251093814,LTE,Casablanca,0,0,1.8,macro
GRID_2544,33.58272972972973,-7.583377356819518,5G NSA,Casablanca,0,1,3.5,micro
GRID_2545,33.58272972972973,-7.582620462545223,LTE,Casablanca,0,0,1.8,macro
GRID_2546,33.58272972972973,-7.581863568270927,5G NSA,Casablanca,0,1,3.5,micro
GRID_2547,33.58272972972973,-7.581106673996631,LTE,Casablanca,0,0,1.8,macro
GRID_2548,33.58272972972973,-7.580349779722336,5G NSA,Casablanca,0,1,3.5,micro
GRID_2549,33.58272972972973,-7.57959288544804,LTE,Casablanca,0,0,1.8,macro
GRID_2550,33.58272972972973,-7.578835991173745,5G NSA,Casablanca,0,1,3.5,micro
GRID_2551,33.58272972972973,-7.578079096899448,LTE,Casablanca,0,0,1.8,macro
GRID_2552,33.58272972972973,-7.577322202625153,5G NSA,Casablanca,0,1,3.5,micro
GRID_2553,33.58272972972973,-7.576565308350857,LTE,Casablanca,0,0,1.8,macro
GRID_2554,33.58272972972973,-7.575808414076562,5G NSA,Casablanca,0,1,3.5,micro
GRID_2555,33.58272972972973,-7.575051519802265,LTE,Casablanca,0,0,1.8,macro
GRID_2556,33.58272972972973,-7.57429462552797,5G NSA,Casablanca,0,1,3.5,micro
GRID_2557,33.58272972972973,-7.5735377312536745,LTE,Casablanca,0,0,1.8,macro
GRID_2558,33.58272972972973,-7.572780836979379,5G NSA,Casablanca,0,1,3.5,micro
GRID_2559,33.58272972972973,-7.5720239427050835,LTE,Casablanca,0,0,1.8,macro
GRID_2560,33.58272972972973,-7.571267048430787,5G NSA,Casablanca,0,1,3.5,micro
GRID_2561,33.58272972972973,-7.570510154156492,LTE,Casablanca,0,0,1.8,macro
GRID_2562,33.58272972972973,-7.569753259882196,5G NSA,Casablanca,0,1,3.5,micro
GRID_2563,33.58272972972973,-7.568996365607901,LTE,Casablanca,0,0,1.8,macro
GRID_2564,33.58272972972973,-7.568239471333605,5G NSA,Casablanca,0,1,3.5,micro
GRID_2565,33.58336036036036,-7.610625550694163,LTE,Casablanca,0,0,1.8,macro
GRID_2566,33.58336036036036,-7.6098686564198665,5G NSA,Casablanca,0,1,3.5,micro
GRID_2567,33.58336036036036,-7.609111762145571,LTE,Casablanca,0,0,1.8,macro
GRID_2568,33.58336036036036,-7.608354867871276,5G NSA,Casablanca,0,1,3.5,micro
GRID_2569,33.58336036036036,-7.60759797359698,LTE,Casablanca,0,0,1.8,macro
GRID_2570,33.58336036036036,-7.606841079322685,5G NSA,Casablanca,0,1,3.5,micro
GRID_2571,33.58336036036036,-7.606084185048388,LTE,Casablanca,0,0,1.8,macro
GRID_2572,33.58336036036036,-7.605327290774093,5G NSA,Casablanca,0,1,3.5,micro
GRID_2573,33.58336036036036,-7.604570396499797,LTE,Casablanca,0,0,1.8,macro
GRID_2574,33.58336036036036,-7.603813502225502,5G NSA,Casablanca,0,1,3.5,micro
GRID_2575,33.58336036036036,-7.603056607951205,LTE,Casablanca,0,0,1.8,macro
GRID_2576,33.58336036036036,-7.60229971367691,5G NSA,Casablanca,0,1,3.5,micro
GRID_2577,33.58336036036036,-7.6015428194026144,LTE,Casablanca,0,0,1.8,macro
GRID_2578,33.58336036036036,-7.600785925128319,5G NSA,Casablanca,0,1,3.5,micro
GRID_2579,33.58336036036036,-7.6000290308540235,LTE,Casablanca,0,0,1.8,macro
GRID_2580,33.58336036036036,-7.599272136579727,5G NSA,Casablanca,0,1,3.5,micro
GRID_2581,33.58336036036036,-7.598515242305432,LTE,Casablanca,0,0,1.8,macro
GRID_2582,33.58336036036036,-7.597758348031136,5G NSA,Casablanca,0,1,3.5,micro
GRID_2583,33.58336036036036,-7.597001453756841,LTE,Casablanca,0,0,1.8,macro
GRID_2584,33.58336036036036,-7.596244559482544,5G NSA,Casablanca,0,1,3.5,micro
GRID_2585,33.58336036036036,-7.595487665208249,LTE,Casablanca,0,0,1.8,macro
GRID_2586,33.58336036036036,-7.594730770933953,5G NSA,Casablanca,0,1,3.5,micro
GRID_2587,33.58336036036036,-7.593973876659658,LTE,Casablanca,0,0,1.8,macro
GRID_2588,33.58336036036036,-7.593216982385362,5G NSA,Casablanca,0,1,3.5,micro
GRID_2589,33.58336036036036,-7.592460088111066,LTE,Casablanca,0,0,1.8,macro
GRID_2590,33.58336036036036,-7.5917031938367705,5G NSA,Casablanca,0,1,3.5,micro
GRID_2591,33.58336036036036,-7.590946299562475,LTE,Casablanca,0,0,1.8,macro
GRID_2592,33.58336036036036,-7.5901894052881795,5G NSA,Casablanca,0,1,3.5,micro
GRID_2593,33.58336036036036,-7.589432511013884,LTE,Casablanca,0,0,1.8,macro
GRID_2594,33.58336036036036,-7.588675616739588,5G NSA,Casablanca,0,1,3.5,micro
GRID_2595,33.58336036036036,-7.587918722465292,LTE,Casablanca,0,0,1.8,macro
GRID_2596,33.58336036036036,-7.587161828190997,5G NSA,Casablanca,0,1,3.5,micro
GRID_2597,33.58336036036036,-7.586404933916701,LTE,Casablanca,0,0,1.8,macro
GRID_2598,33.58336036036036,-7.585648039642405,5G NSA,Casablanca,0,1,3.5,micro
GRID_2599,33.58336036036036,-7.584891145368109,LTE,Casablanca,0,0,1.8,macro
GRID_2600,33.58336036036036,-7.584134251093814,5G NSA,Casablanca,0,1,3.5,micro
GRID_2601,33.58336036036036,-7.583377356819518,LTE,Casablanca,0,0,1.8,macro
GRID_2602,33.58336036036036,-7.582620462545223,5G NSA,Casablanca,0,1,3.5,micro
GRID_2603,33.58336036036036,-7.581863568270927,LTE,Casablanca,0,0,1.8,macro
GRID_2604,33.58336036036036,-7.581106673996631,5G NSA,Casablanca,0,1,3.5,micro
GRID_2605,33.58336036036036,-7.580349779722336,LTE,Casablanca,0,0,1.8,macro
GRID_2606,33.58336036036036,-7.57959288544804,5G NSA,Casablanca,0,1,3.5,micro
GRID_2607,33.58336036036036,-7.578835991173745,LTE,Casablanca,0,0,1.8,macro
GRID_2608,33.58336036036036,-7.578079096899448,5G NSA,Casablanca,0,1,3.5,micro
GRID_2609,33.58336036036036,-7.577322202625153,LTE,Casablanca,0,0,1.8,macro
GRID_2610,33.58336036036036,-7.576565308350857,5G NSA,Casablanca,0,1,3.5,micro
GRID_2611,33.58336036036036,-7.575808414076562,LTE,Casablanca,0,0,1.8,macro
GRID_2612,33.58336036036036,-7.575051519802265,5G NSA,Casablanca,0,1,3.5,micro
GRID_2613,33.58336036036036,-7.57429462552797,LTE,Casablanca,0,0,1.8,macro
GRID_2614,33.58336036036036,-7.5735377312536745,5G NSA,Casablanca,0,1,3.5,micro
GRID_2615,33.58336036036036,-7.572780836979379,LTE,Casablanca,0,0,1.8,macro
GRID_2616,33.58336036036036,-7.5720239427050835,5G NSA,Casablanca,0,1,3.5,micro
GRID_2617,33.58336036036036,-7.571267048430787,LTE,Casablanca,0,0,1.8,macro
GRID_2618,33.58336036036036,-7.570510154156492,5G NSA,Casablanca,0,1,3.5,micro
GRID_2619,33.58336036036036,-7.569753259882196,LTE,Casablanca,0,0,1.8,macro
GRID_2620,33.58336036036036,-7.568996365607901,5G NSA,Casablanca,0,1,3.5,micro
GRID_2621,33.58336036036036,-7.568239471333605,LTE,Casablanca,0,0,1.8,macro
GRID_2622,33.58399099099099,-7.610625550694163,5G NSA,Casablanca,0,1,3.5,micro
GRID_2623,33.58399099099099,-7.6098686564198665,LTE,Casablanca,0,0,1.8,macro
GRID_2624,33.58399099099099,-7.609111762145571,5G NSA,Casablanca,0,1,3.5,micro
GRID_2625,33.58399099099099,-7.608354867871276,LTE,Casablanca,0,0,1.8,macro
GRID_2626,33.58399099099099,-7.60759797359698,5G NSA,Casablanca,0,1,3.5,micro
GRID_2627,33.58399099099099,-7.606841079322685,LTE,Casablanca,0,0,1.8,macro
GRID_2628,33.58399099099099,-7.606084185048388,5G NSA,Casablanca,0,1,3.5,micro
GRID_2629,33.58399099099099,-7.605327290774093,LTE,Casablanca,0,0,1.8,macro
GRID_2630,33.58399099099099,-7.604570396499797,5G NSA,Casablanca,0,1,3.5,micro
GRID_2631,33.58399099099099,-7.603813502225502,LTE,Casablanca,0,0,1.8,macro
GRID_2632,33.58399099099099,-7.603056607951205,5G NSA,Casablanca,0,1,3.5,micro
GRID_2633,33.58399099099099,-7.60229971367691,LTE,Casablanca,0,0,1.8,macro
GRID_2634,33.58399099099099,-7.6015428194026144,5G NSA,Casablanca,0,1,3.5,micro
GRID_2635,33.58399099099099,-7.600785925128319,LTE,Casablanca,0,0,1.8,macro
GRID_2636,33.58399099099099,-7.6000290308540235,5G NSA,Casablanca,0,1,3.5,micro
GRID_2637,33.58399099099099,-7.599272136579727,LTE,Casablanca,0,0,1.8,macro
GRID_2638,33.58399099099099,-7.598515242305432,5G NSA,Casablanca,0,1,3.5,micro
GRID_2639,33.58399099099099,-7.597758348031136,LTE,Casablanca,0,0,1.8,macro
GRID_2640,33.58399099099099,-7.597001453756841,5G NSA,Casablanca,0,1,3.5,micro
GRID_2641,33.58399099099099,-7.596244559482544,LTE,Casablanca,0,0,1.8,macro
GRID_2642,33.58399099099099,-7.595487665208249,5G NSA,Casablanca,0,1,3.5,micro
GRID_2643,33.58399099099099,-7.594730770933953,LTE,Casablanca,0,0,1.8,macro
GRID_2644,33.58399099099099,-7.593973876659658,5G NSA,Casablanca,0,1,3.5,micro
GRID_2645,33.58399099099099,-7.593216982385362,LTE,Casablanca,0,0,1.8,macro
GRID_2646,33.58399099099099,-7.592460088111066,5G NSA,Casablanca,0,1,3.5,micro
GRID_2647,33.58399099099099,-7.5917031938367705,LTE,Casablanca,0,0,1.8,macro
GRID_2648,33.58399099099099,-7.590946299562475,5G NSA,Casablanca,0,1,3.5,micro
GRID_2649,33.58399099099099,-7.5901894052881795,LTE,Casablanca,0,0,1.8,macro
GRID_2650,33.58399099099099,-7.589432511013884,5G NSA,Casablanca,0,1,3.5,micro
GRID_2651,33.58399099099099,-7.588675616739588,LTE,Casablanca,0,0,1.8,macro
GRID_2652,33.58399099099099,-7.587918722465292,5G NSA,Casablanca,0,1,3.5,micro
GRID_2653,33.58399099099099,-7.587161828190997,LTE,Casablanca,0,0,1.8,macro
GRID_2654,33.58399099099099,-7.586404933916701,5G NSA,Casablanca,0,1,3.5,micro
GRID_2655,33.58399099099099,-7.585648039642405,LTE,Casablanca,0,0,1.8,macro
GRID_2656,33.58399099099099,-7.584891145368109,5G NSA,Casablanca,0,1,3.5,micro
GRID_2657,33.58399099099099,-7.584134251093814,LTE,Casablanca,0,0,1.8,macro
GRID_2658,33.58399099099099,-7.583377356819518,5G NSA,Casablanca,0,1,3.5,micro
GRID_2659,33.58399099099099,-7.582620462545223,LTE,Casablanca,0,0,1.8,macro
GRID_2660,33.58399099099099,-7.581863568270927,5G NSA,Casablanca,0,1,3.5,micro
GRID_2661,33.58399099099099,-7.581106673996631,LTE,Casablanca,0,0,1.8,macro
GRID_2662,33.58399099099099,-7.580349779722336,5G NSA,Casablanca,0,1,3.5,micro
GRID_2663,33.58399099099099,-7.57959288544804,LTE,Casablanca,0,0,1.8,macro
GRID_2664,33.58399099099099,-7.578835991173745,5G NSA,Casablanca,0,1,3.5,micro
GRID_2665,33.58399099099099,-7.578079096899448,LTE,Casablanca,0,0,1.8,macro
GRID_2666,33.58399099099099,-7.577322202625153,5G NSA,Casablanca,0,1,3.5,micro
GRID_2667,33.58399099099099,-7.576565308350857,LTE,Casablanca,0,0,1.8,macro
GRID_2668,33.58399099099099,-7.575808414076562,5G NSA,Casablanca,0,1,3.5,micro
GRID_2669,33.58399099099099,-7.575051519802265,LTE,Casablanca,0,0,1.8,macro
GRID_2670,33.58399099099099,-7.57429462552797,5G NSA,Casablanca,0,1,3.5,micro
GRID_2671,33.58399099099099,-7.5735377312536745,LTE,Casablanca,0,0,1.8,macro
GRID_2672,33.58399099099099,-7.572780836979379,5G NSA,Casablanca,0,1,3.5,micro
GRID_2673,33.58399099099099,-7.5720239427050835,LTE,Casablanca,0,0,1.8,macro
GRID_2674,33.58399099099099,-7.571267048430787,5G NSA,Casablanca,0,1,3.5,micro
GRID_2675,33.58399099099099,-7.570510154156492,LTE,Casablanca,0,0,1.8,macro
GRID_2676,33.58399099099099,-7.569753259882196,5G NSA,Casablanca,0,1,3.5,micro
GRID_2677,33.58399099099099,-7.568996365607901,LTE,Casablanca,0,0,1.8,macro
GRID_2678,33.58399099099099,-7.568239471333605,5G NSA,Casablanca,0,1,3.5,micro
GRID_2679,33.58462162162162,-7.610625550694163,LTE,Casablanca,0,0,1.8,macro
GRID_2680,33.58462162162162,-7.6098686564198665,5G NSA,Casablanca,0,1,3.5,micro
GRID_2681,33.58462162162162,-7.609111762145571,LTE,Casablanca,0,0,1.8,macro
GRID_2682,33.58462162162162,-7.608354867871276,5G NSA,Casablanca,0,1,3.5,micro
GRID_2683,33.58462162162162,-7.60759797359698,LTE,Casablanca,0,0,1.8,macro
GRID_2684,33.58462162162162,-7.606841079322685,5G NSA,Casablanca,0,1,3.5,micro
GRID_2685,33.58462162162162,-7.606084185048388,LTE,Casablanca,0,0,1.8,macro
GRID_2686,33.58462162162162,-7.605327290774093,5G NSA,Casablanca,0,1,3.5,micro
GRID_2687,33.58462162162162,-7.604570396499797,LTE,Casablanca,0,0,1.8,macro
GRID_2688,33.58462162162162,-7.603813502225502,5G NSA,Casablanca,0,1,3.5,micro
GRID_2689,33.58462162162162,-7.603056607951205,LTE,Casablanca,0,0,1.8,macro
GRID_2690,33.58462162162162,-7.60229971367691,5G NSA,Casablanca,0,1,3.5,micro
GRID_2691,33.58462162162162,-7.6015428194026144,LTE,Casablanca,0,0,1.8,macro
GRID_2692,33.58462162162162,-7.600785925128319,5G NSA,Casablanca,0,1,3.5,micro
GRID_2693,33.58462162162162,-7.6000290308540235,LTE,Casablanca,0,0,1.8,macro
GRID_2694,33.58462162162162,-7.599272136579727,5G NSA,Casablanca,0,1,3.5,micro
GRID_2695,33.58462162162162,-7.598515242305432,LTE,Casablanca,0,0,1.8,macro
GRID_2696,33.58462162162162,-7.597758348031136,5G NSA,Casablanca,0,1,3.5,micro
GRID_2697,33.58462162162162,-7.597001453756841,LTE,Casablanca,0,0,1.8,macro
GRID_2698,33.58462162162162,-7.596244559482544,5G NSA,Casablanca,0,1,3.5,micro
GRID_2699,33.58462162162162,-7.595487665208249,LTE,Casablanca,0,0,1.8,macro
GRID_2700,33.58462162162162,-7.594730770933953,5G NSA,Casablanca,0,1,3.5,micro
GRID_2701,33.58462162162162,-7.593973876659658,LTE,Casablanca,0,0,1.8,macro
GRID_2702,33.58462162162162,-7.593216982385362,5G NSA,Casablanca,0,1,3.5,micro
GRID_2703,33.58462162162162,-7.592460088111066,LTE,Casablanca,0,0,1.8,macro
GRID_2704,33.58462162162162,-7.5917031938367705,5G NSA,Casablanca,0,1,3.5,micro
GRID_2705,33.58462162162162,-7.590946299562475,LTE,Casablanca,0,0,1.8,macro
GRID_2706,33.58462162162162,-7.5901894052881795,5G NSA,Casablanca,0,1,3.5,micro
GRID_2707,33.58462162162162,-7.589432511013884,LTE,Casablanca,0,0,1.8,macro
GRID_2708,33.58462162162162,-7.588675616739588,5G NSA,Casablanca,0,1,3.5,micro
GRID_2709,33.58462162162162,-7.587918722465292,LTE,Casablanca,0,0,1.8,macro
GRID_2710,33.58462162162162,-7.587161828190997,5G NSA,Casablanca,0,1,3.5,micro
GRID_2711,33.58462162162162,-7.586404933916701,LTE,Casablanca,0,0,1.8,macro
GRID_2712,33.58462162162162,-7.585648039642405,5G NSA,Casablanca,0,1,3.5,micro
GRID_2713,33.58462162162162,-7.584891145368109,LTE,Casablanca,0,0,1.8,macro
GRID_2714,33.58462162162162,-7.584134251093814,5G NSA,Casablanca,0,1,3.5,micro
GRID_2715,33.58462162162162,-7.583377356819518,LTE,Casablanca,0,0,1.8,macro
GRID_2716,33.58462162162162,-7.582620462545223,5G NSA,Casablanca,0,1,3.5,micro
GRID_2717,33.58462162162162,-7.581863568270927,LTE,Casablanca,0,0,1.8,macro
GRID_2718,33.58462162162162,-7.581106673996631,5G NSA,Casablanca,0,1,3.5,micro
GRID_2719,33.58462162162162,-7.580349779722336,LTE,Casablanca,0,0,1.8,macro
GRID_2720,33.58462162162162,-7.57959288544804,5G NSA,Casablanca,0,1,3.5,micro
GRID_2721,33.58462162162162,-7.578835991173745,LTE,Casablanca,0,0,1.8,macro
GRID_2722,33.58462162162162,-7.578079096899448,5G NSA,Casablanca,0,1,3.5,micro
GRID_2723,33.58462162162162,-7.577322202625153,LTE,Casablanca,0,0,1.8,macro
GRID_2724,33.58462162162162,-7.576565308350857,5G NSA,Casablanca,0,1,3.5,micro
GRID_2725,33.58462162162162,-7.575808414076562,LTE,Casablanca,0,0,1.8,macro
GRID_2726,33.58462162162162,-7.575051519802265,5G NSA,Casablanca,0,1,3.5,micro
GRID_2727,33.58462162162162,-7.57429462552797,LTE,Casablanca,0,0,1.8,macro
GRID_2728,33.58462162162162,-7.5735377312536745,5G NSA,Casablanca,0,1,3.5,micro
GRID_2729,33.58462162162162,-7.572780836979379,LTE,Casablanca,0,0,1.8,macro
GRID_2730,33.58462162162162,-7.5720239427050835,5G NSA,Casablanca,0,1,3.5,micro
GRID_2731,33.58462162162162,-7.571267048430787,LTE,Casablanca,0,0,1.8,macro
GRID_2732,33.58462162162162,-7.570510154156492,5G NSA,Casablanca,0,1,3.5,micro
GRID_2733,33.58462162162162,-7.569753259882196,LTE,Casablanca,0,0,1.8,macro
GRID_2734,33.58462162162162,-7.568996365607901,5G NSA,Casablanca,0,1,3.5,micro
GRID_2735,33.58462162162162,-7.568239471333605,LTE,Casablanca,0,0,1.8,macro
GRID_2736,33.58525225225225,-7.610625550694163,5G NSA,Casablanca,0,1,3.5,micro
GRID_2737,33.58525225225225,-7.6098686564198665,LTE,Casablanca,0,0,1.8,macro
GRID_2738,33.58525225225225,-7.609111762145571,5G NSA,Casablanca,0,1,3.5,micro
GRID_2739,33.58525225225225,-7.608354867871276,LTE,Casablanca,0,0,1.8,macro
GRID_2740,33.58525225225225,-7.60759797359698,5G NSA,Casablanca,0,1,3.5,micro
GRID_2741,33.58525225225225,-7.606841079322685,LTE,Casablanca,0,0,1.8,macro
GRID_2742,33.58525225225225,-7.606084185048388,5G NSA,Casablanca,0,1,3.5,micro
GRID_2743,33.58525225225225,-7.605327290774093,LTE,Casablanca,0,0,1.8,macro
GRID_2744,33.58525225225225,-7.604570396499797,5G NSA,Casablanca,0,1,3.5,micro
GRID_2745,33.58525225225225,-7.603813502225502,LTE,Casablanca,0,0,1.8,macro
GRID_2746,33.58525225225225,-7.603056607951205,5G NSA,Casablanca,0,1,3.5,micro
GRID_2747,33.58525225225225,-7.60229971367691,LTE,Casablanca,0,0,1.8,macro
GRID_2748,33.58525225225225,-7.6015428194026144,5G NSA,Casablanca,0,1,3.5,micro
GRID_2749,33.58525225225225,-7.600785925128319,LTE,Casablanca,0,0,1.8,macro
GRID_2750,33.58525225225225,-7.6000290308540235,5G NSA,Casablanca,0,1,3.5,micro
GRID_2751,33.58525225225225,-7.599272136579727,LTE,Casablanca,0,0,1.8,macro
GRID_2752,33.58525225225225,-7.598515242305432,5G NSA,Casablanca,0,1,3.5,micro
GRID_2753,33.58525225225225,-7.597758348031136,LTE,Casablanca,0,0,1.8,macro
GRID_2754,33.58525225225225,-7.597001453756841,5G NSA,Casablanca,0,1,3.5,micro
GRID_2755,33.58525225225225,-7.596244559482544,LTE,Casablanca,0,0,1.8,macro
GRID_2756,33.58525225225225,-7.595487665208249,5G NSA,Casablanca,0,1,3.5,micro
GRID_2757,33.58525225225225,-7.594730770933953,LTE,Casablanca,0,0,1.8,macro
GRID_2758,33.58525225225225,-7.593973876659658,5G NSA,Casablanca,0,1,3.5,micro
GRID_2759,33.58525225225225,-7.593216982385362,LTE,Casablanca,0,0,1.8,macro
GRID_2760,33.58525225225225,-7.592460088111066,5G NSA,Casablanca,0,1,3.5,micro
GRID_2761,33.58525225225225,-7.5917031938367705,LTE,Casablanca,0,0,1.8,macro
GRID_2762,33.58525225225225,-7.590946299562475,5G NSA,Casablanca,0,1,3.5,micro
GRID_2763,33.58525225225225,-7.5901894052881795,LTE,Casablanca,0,0,1.8,macro
GRID_2764,33.58525225225225,-7.589432511013884,5G NSA,Casablanca,0,1,3.5,micro
GRID_2765,33.58525225225225,-7.588675616739588,LTE,Casablanca,0,0,1.8,macro
GRID_2766,33.58525225225225,-7.587918722465292,5G NSA,Casablanca,0,1,3.5,micro
GRID_2767,33.58525225225225,-7.587161828190997,LTE,Casablanca,0,0,1.8,macro
GRID_2768,33.58525225225225,-7.586404933916701,5G NSA,Casablanca,0,1,3.5,micro
GRID_2769,33.58525225225225,-7.585648039642405,LTE,Casablanca,0,0,1.8,macro
GRID_2770,33.58525225225225,-7.584891145368109,5G NSA,Casablanca,0,1,3.5,micro
GRID_2771,33.58525225225225,-7.584134251093814,LTE,Casablanca,0,0,1.8,macro
GRID_2772,33.58525225225225,-7.583377356819518,5G NSA,Casablanca,0,1,3.5,micro
GRID_2773,33.58525225225225,-7.582620462545223,LTE,Casablanca,0,0,1.8,macro
GRID_2774,33.58525225225225,-7.581863568270927,5G NSA,Casablanca,0,1,3.5,micro
GRID_2775,33.58525225225225,-7.581106673996631,LTE,Casablanca,0,0,1.8,macro
GRID_2776,33.58525225225225,-7.580349779722336,5G NSA,Casablanca,0,1,3.5,micro
GRID_2777,33.58525225225225,-7.57959288544804,LTE,Casablanca,0,0,1.8,macro
GRID_2778,33.58525225225225,-7.578835991173745,5G NSA,Casablanca,0,1,3.5,micro
GRID_2779,33.58525225225225,-7.578079096899448,LTE,Casablanca,0,0,1.8,macro
GRID_2780,33.58525225225225,-7.577322202625153,5G NSA,Casablanca,0,1,3.5,micro
GRID_2781,33.58525225225225,-7.576565308350857,LTE,Casablanca,0,0,1.8,macro
GRID_2782,33.58525225225225,-7.575808414076562,5G NSA,Casablanca,0,1,3.5,micro
GRID_2783,33.58525225225225,-7.575051519802265,LTE,Casablanca,0,0,1.8,macro
GRID_2784,33.58525225225225,-7.57429462552797,5G NSA,Casablanca,0,1,3.5,micro
GRID_2785,33.58525225225225,-7.5735377312536745,LTE,Casablanca,0,0,1.8,macro
GRID_2786,33.58525225225225,-7.572780836979379,5G NSA,Casablanca,0,1,3.5,micro
GRID_2787,33.58525225225225,-7.5720239427050835,LTE,Casablanca,0,0,1.8,macro
GRID_2788,33.58525225225225,-7.571267048430787,5G NSA,Casablanca,0,1,3.5,micro
GRID_2789,33.58525225225225,-7.570510154156492,LTE,Casablanca,0,0,1.8,macro
GRID_2790,33.58525225225225,-7.569753259882196,5G NSA,Casablanca,0,1,3.5,micro
GRID_2791,33.58525225225225,-7.568996365607901,LTE,Casablanca,0,0,1.8,macro
GRID_2792,33.58525225225225,-7.568239471333605,5G NSA,Casablanca,0,1,3.5,micro
GRID_2793,33.585882882882885,-7.610625550694163,LTE,Casablanca,0,0,1.8,macro
GRID_2794,33.585882882882885,-7.6098686564198665,5G NSA,Casablanca,0,1,3.5,micro
GRID_2795,33.585882882882885,-7.609111762145571,LTE,Casablanca,0,0,1.8,macro
GRID_2796,33.585882882882885,-7.608354867871276,5G NSA,Casablanca,0,1,3.5,micro
GRID_2797,33.585882882882885,-7.60759797359698,LTE,Casablanca,0,0,1.8,macro
GRID_2798,33.585882882882885,-7.606841079322685,5G NSA,Casablanca,0,1,3.5,micro
GRID_2799,33.585882882882885,-7.606084185048388,LTE,Casablanca,0,0,1.8,macro
GRID_2800,33.585882882882885,-7.605327290774093,5G NSA,Casablanca,0,1,3.5,micro
GRID_2801,33.585882882882885,-7.604570396499797,LTE,Casablanca,0,0,1.8,macro
GRID_2802,33.585882882882885,-7.603813502225502,5G NSA,Casablanca,0,1,3.5,micro
GRID_2803,33.585882882882885,-7.603056607951205,LTE,Casablanca,0,0,1.8,macro
GRID_2804,33.585882882882885,-7.60229971367691,5G NSA,Casablanca,0,1,3.5,micro
GRID_2805,33.585882882882885,-7.6015428194026144,LTE,Casablanca,0,0,1.8,macro
GRID_2806,33.585882882882885,-7.600785925128319,5G NSA,Casablanca,0,1,3.5,micro
GRID_2807,33.585882882882885,-7.6000290308540235,LTE,Casablanca,0,0,1.8,macro
GRID_2808,33.585882882882885,-7.599272136579727,5G NSA,Casablanca,0,1,3.5,micro
GRID_2809,33.585882882882885,-7.598515242305432,LTE,Casablanca,0,0,1.8,macro
GRID_2810,33.585882882882885,-7.597758348031136,5G NSA,Casablanca,0,1,3.5,micro
GRID_2811,33.585882882882885,-7.597001453756841,LTE,Casablanca,0,0,1.8,macro
GRID_2812,33.585882882882885,-7.596244559482544,5G NSA,Casablanca,0,1,3.5,micro
GRID_2813,33.585882882882885,-7.595487665208249,LTE,Casablanca,0,0,1.8,macro
GRID_2814,33.585882882882885,-7.594730770933953,5G NSA,Casablanca,0,1,3.5,micro
GRID_2815,33.585882882882885,-7.593973876659658,LTE,Casablanca,0,0,1.8,macro
GRID_2816,33.585882882882885,-7.593216982385362,5G NSA,Casablanca,0,1,3.5,micro
GRID_2817,33.585882882882885,-7.592460088111066,LTE,Casablanca,0,0,1.8,macro
GRID_2818,33.585882882882885,-7.5917031938367705,5G NSA,Casablanca,0,1,3.5,micro
GRID_2819,33.585882882882885,-7.590946299562475,LTE,Casablanca,0,0,1.8,macro
GRID_2820,33.585882882882885,-7.5901894052881795,5G NSA,Casablanca,0,1,3.5,micro
GRID_2821,33.585882882882885,-7.589432511013884,LTE,Casablanca,0,0,1.8,macro
GRID_2822,33.585882882882885,-7.588675616739588,5G NSA,Casablanca,0,1,3.5,micro
GRID_2823,33.585882882882885,-7.587918722465292,LTE,Casablanca,0,0,1.8,macro
GRID_2824,33.585882882882885,-7.587161828190997,5G NSA,Casablanca,0,1,3.5,micro
GRID_2825,33.585882882882885,-7.586404933916701,LTE,Casablanca,0,0,1.8,macro
GRID_2826,33.585882882882885,-7.585648039642405,5G NSA,Casablanca,0,1,3.5,micro
GRID_2827,33.585882882882885,-7.584891145368109,LTE,Casablanca,0,0,1.8,macro
GRID_2828,33.585882882882885,-7.584134251093814,5G NSA,Casablanca,0,1,3.5,micro
GRID_2829,33.585882882882885,-7.583377356819518,LTE,Casablanca,0,0,1.8,macro
GRID_2830,33.585882882882885,-7.582620462545223,5G NSA,Casablanca,0,1,3.5,micro
GRID_2831,33.585882882882885,-7.581863568270927,LTE,Casablanca,0,0,1.8,macro
GRID_2832,33.585882882882885,-7.581106673996631,5G NSA,Casablanca,0,1,3.5,micro
GRID_2833,33.585882882882885,-7.580349779722336,LTE,Casablanca,0,0,1.8,macro
GRID_2834,33.585882882882885,-7.57959288544804,5G NSA,Casablanca,0,1,3.5,micro
GRID_2835,33.585882882882885,-7.578835991173745,LTE,Casablanca,0,0,1.8,macro
GRID_2836,33.585882882882885,-7.578079096899448,5G NSA,Casablanca,0,1,3.5,micro
GRID_2837,33.585882882882885,-7.577322202625153,LTE,Casablanca,0,0,1.8,macro
GRID_2838,33.585882882882885,-7.576565308350857,5G NSA,Casablanca,0,1,3.5,micro
GRID_2839,33.585882882882885,-7.575808414076562,LTE,Casablanca,0,0,1.8,macro
GRID_2840,33.585882882882885,-7.575051519802265,5G NSA,Casablanca,0,1,3.5,micro
GRID_2841,33.585882882882885,-7.57429462552797,LTE,Casablanca,0,0,1.8,macro
GRID_2842,33.585882882882885,-7.5735377312536745,5G NSA,Casablanca,0,1,3.5,micro
GRID_2843,33.585882882882885,-7.572780836979379,LTE,Casablanca,0,0,1.8,macro
GRID_2844,33.585882882882885,-7.5720239427050835,5G NSA,Casablanca,0,1,3.5,micro
GRID_2845,33.585882882882885,-7.571267048430787,LTE,Casablanca,0,0,1.8,macro
GRID_2846,33.585882882882885,-7.570510154156492,5G NSA,Casablanca,0,1,3.5,micro
GRID_2847,33.585882882882885,-7.569753259882196,LTE,Casablanca,0,0,1.8,macro
GRID_2848,33.585882882882885,-7.568996365607901,5G NSA,Casablanca,0,1,3.5,micro
GRID_2849,33.585882882882885,-7.568239471333605,LTE,Casablanca,0,0,1.8,macro
GRID_2850,33.586513513513516,-7.610625550694163,5G NSA,Casablanca,0,1,3.5,micro
GRID_2851,33.586513513513516,-7.6098686564198665,LTE,Casablanca,0,0,1.8,macro
GRID_2852,33.586513513513516,-7.609111762145571,5G NSA,Casablanca,0,1,3.5,micro
GRID_2853,33.586513513513516,-7.608354867871276,LTE,Casablanca,0,0,1.8,macro
GRID_2854,33.586513513513516,-7.60759797359698,5G NSA,Casablanca,0,1,3.5,micro
GRID_2855,33.586513513513516,-7.606841079322685,LTE,Casablanca,0,0,1.8,macro
GRID_2856,33.586513513513516,-7.606084185048388,5G NSA,Casablanca,0,1,3.5,micro
GRID_2857,33.586513513513516,-7.605327290774093,LTE,Casablanca,0,0,1.8,macro
GRID_2858,33.586513513513516,-7.604570396499797,5G NSA,Casablanca,0,1,3.5,micro
GRID_2859,33.586513513513516,-7.603813502225502,LTE,Casablanca,0,0,1.8,macro
GRID_2860,33.586513513513516,-7.603056607951205,5G NSA,Casablanca,0,1,3.5,micro
GRID_2861,33.586513513513516,-7.60229971367691,LTE,Casablanca,0,0,1.8,macro
GRID_2862,33.586513513513516,-7.6015428194026144,5G NSA,Casablanca,0,1,3.5,micro
GRID_2863,33.586513513513516,-7.600785925128319,LTE,Casablanca,0,0,1.8,macro
GRID_2864,33.586513513513516,-7.6000290308540235,5G NSA,Casablanca,0,1,3.5,micro
GRID_2865,33.586513513513516,-7.599272136579727,LTE,Casablanca,0,0,1.8,macro
GRID_2866,33.586513513513516,-7.598515242305432,5G NSA,Casablanca,0,1,3.5,micro
GRID_2867,33.586513513513516,-7.597758348031136,LTE,Casablanca,0,0,1.8,macro
GRID_2868,33.586513513513516,-7.597001453756841,5G NSA,Casablanca,0,1,3.5,micro
GRID_2869,33.586513513513516,-7.596244559482544,LTE,Casablanca,0,0,1.8,macro
GRID_2870,33.586513513513516,-7.595487665208249,5G NSA,Casablanca,0,1,3.5,micro
GRID_2871,33.586513513513516,-7.594730770933953,LTE,Casablanca,0,0,1.8,macro
GRID_2872,33.586513513513516,-7.593973876659658,5G NSA,Casablanca,0,1,3.5,micro
GRID_2873,33.586513513513516,-7.593216982385362,LTE,Casablanca,0,0,1.8,macro
GRID_2874,33.586513513513516,-7.592460088111066,5G NSA,Casablanca,0,1,3.5,micro
GRID_2875,33.586513513513516,-7.5917031938367705,LTE,Casablanca,0,0,1.8,macro
GRID_2876,33.586513513513516,-7.590946299562475,5G NSA,Casablanca,0,1,3.5,micro
GRID_2877,33.586513513513516,-7.5901894052881795,LTE,Casablanca,0,0,1.8,macro
GRID_2878,33.586513513513516,-7.589432511013884,5G NSA,Casablanca,0,1,3.5,micro
GRID_2879,33.586513513513516,-7.588675616739588,LTE,Casablanca,0,0,1.8,macro
GRID_2880,33.586513513513516,-7.587918722465292,5G NSA,Casablanca,0,1,3.5,micro
GRID_2881,33.586513513513516,-7.587161828190997,LTE,Casablanca,0,0,1.8,macro
GRID_2882,33.586513513513516,-7.586404933916701,5G NSA,Casablanca,0,1,3.5,micro
GRID_2883,33.586513513513516,-7.585648039642405,LTE,Casablanca,0,0,1.8,macro
GRID_2884,33.586513513513516,-7.584891145368109,5G NSA,Casablanca,0,1,3.5,micro
GRID_2885,33.586513513513516,-7.584134251093814,LTE,Casablanca,0,0,1.8,macro
GRID_2886,33.586513513513516,-7.583377356819518,5G NSA,Casablanca,0,1,3.5,micro
GRID_2887,33.586513513513516,-7.582620462545223,LTE,Casablanca,0,0,1.8,macro
GRID_2888,33.586513513513516,-7.581863568270927,5G NSA,Casablanca,0,1,3.5,micro
GRID_2889,33.586513513513516,-7.581106673996631,LTE,Casablanca,0,0,1.8,macro
GRID_2890,33.586513513513516,-7.580349779722336,5G NSA,Casablanca,0,1,3.5,micro
GRID_2891,33.586513513513516,-7.57959288544804,LTE,Casablanca,0,0,1.8,macro
GRID_2892,33.586513513513516,-7.578835991173745,5G NSA,Casablanca,0,1,3.5,micro
GRID_2893,33.586513513513516,-7.578079096899448,LTE,Casablanca,0,0,1.8,macro
GRID_2894,33.586513513513516,-7.577322202625153,5G NSA,Casablanca,0,1,3.5,micro
GRID_2895,33.586513513513516,-7.576565308350857,LTE,Casablanca,0,0,1.8,macro
GRID_2896,33.586513513513516,-7.575808414076562,5G NSA,Casablanca,0,1,3.5,micro
GRID_2897,33.586513513513516,-7.575051519802265,LTE,Casablanca,0,0,1.8,macro
GRID_2898,33.586513513513516,-7.57429462552797,5G NSA,Casablanca,0,1,3.5,micro
GRID_2899,33.586513513513516,-7.5735377312536745,LTE,Casablanca,0,0,1.8,macro
GRID_2900,33.586513513513516,-7.572780836979379,5G NSA,Casablanca,0,1,3.5,micro
GRID_2901,33.586513513513516,-7.5720239427050835,LTE,Casablanca,0,0,1.8,macro
GRID_2902,33.586513513513516,-7.571267048430787,5G NSA,Casablanca,0,1,3.5,micro
GRID_2903,33.586513513513516,-7.570510154156492,LTE,Casablanca,0,0,1.8,macro
GRID_2904,33.586513513513516,-7.569753259882196,5G NSA,Casablanca,0,1,3.5,micro
GRID_2905,33.586513513513516,-7.568996365607901,LTE,Casablanca,0,0,1.8,macro
GRID_2906,33.586513513513516,-7.568239471333605,5G NSA,Casablanca,0,1,3.5,micro
GRID_2907,33.58714414414415,-7.610625550694163,LTE,Casablanca,0,0,1.8,macro
GRID_2908,33.58714414414415,-7.6098686564198665,5G NSA,Casablanca,0,1,3.5,micro
GRID_2909,33.58714414414415,-7.609111762145571,LTE,Casablanca,0,0,1.8,macro
GRID_2910,33.58714414414415,-7.608354867871276,5G NSA,Casablanca,0,1,3.5,micro
GRID_2911,33.58714414414415,-7.60759797359698,LTE,Casablanca,0,0,1.8,macro
GRID_2912,33.58714414414415,-7.606841079322685,5G NSA,Casablanca,0,1,3.5,micro
GRID_2913,33.58714414414415,-7.606084185048388,LTE,Casablanca,0,0,1.8,macro
GRID_2914,33.58714414414415,-7.605327290774093,5G NSA,Casablanca,0,1,3.5,micro
GRID_2915,33.58714414414415,-7.604570396499797,LTE,Casablanca,0,0,1.8,macro
GRID_2916,33.58714414414415,-7.603813502225502,5G NSA,Casablanca,0,1,3.5,micro
GRID_2917,33.58714414414415,-7.603056607951205,LTE,Casablanca,0,0,1.8,macro
GRID_2918,33.58714414414415,-7.60229971367691,5G NSA,Casablanca,0,1,3.5,micro
GRID_2919,33.58714414414415,-7.6015428194026144,LTE,Casablanca,0,0,1.8,macro
GRID_2920,33.58714414414415,-7.600785925128319,5G NSA,Casablanca,0,1,3.5,micro
GRID_2921,33.58714414414415,-7.6000290308540235,LTE,Casablanca,0,0,1.8,macro
GRID_2922,33.58714414414415,-7.599272136579727,5G NSA,Casablanca,0,1,3.5,micro
GRID_2923,33.58714414414415,-7.598515242305432,LTE,Casablanca,0,0,1.8,macro
GRID_2924,33.58714414414415,-7.597758348031136,5G NSA,Casablanca,0,1,3.5,micro
GRID_2925,33.58714414414415,-7.597001453756841,LTE,Casablanca,0,0,1.8,macro
GRID_2926,33.58714414414415,-7.596244559482544,5G NSA,Casablanca,0,1,3.5,micro
GRID_2927,33.58714414414415,-7.595487665208249,LTE,Casablanca,0,0,1.8,macro
GRID_2928,33.58714414414415,-7.594730770933953,5G NSA,Casablanca,0,1,3.5,micro
GRID_2929,33.58714414414415,-7.593973876659658,LTE,Casablanca,0,0,1.8,macro
GRID_2930,33.58714414414415,-7.593216982385362,5G NSA,Casablanca,0,1,3.5,micro
GRID_2931,33.58714414414415,-7.592460088111066,LTE,Casablanca,0,0,1.8,macro
GRID_2932,33.58714414414415,-7.5917031938367705,5G NSA,Casablanca,0,1,3.5,micro
GRID_2933,33.58714414414415,-7.590946299562475,LTE,Casablanca,0,0,1.8,macro
GRID_2934,33.58714414414415,-7.5901894052881795,5G NSA,Casablanca,0,1,3.5,micro
GRID_2935,33.58714414414415,-7.589432511013884,LTE,Casablanca,0,0,1.8,macro
GRID_2936,33.58714414414415,-7.588675616739588,5G NSA,Casablanca,0,1,3.5,micro
GRID_2937,33.58714414414415,-7.587918722465292,LTE,Casablanca,0,0,1.8,macro
GRID_2938,33.58714414414415,-7.587161828190997,5G NSA,Casablanca,0,1,3.5,micro
GRID_2939,33.58714414414415,-7.586404933916701,LTE,Casablanca,0,0,1.8,macro
GRID_2940,33.58714414414415,-7.585648039642405,5G NSA,Casablanca,0,1,3.5,micro
GRID_2941,33.58714414414415,-7.584891145368109,LTE,Casablanca,0,0,1.8,macro
GRID_2942,33.58714414414415,-7.584134251093814,5G NSA,Casablanca,0,1,3.5,micro
GRID_2943,33.58714414414415,-7.583377356819518,LTE,Casablanca,0,0,1.8,macro
GRID_2944,33.58714414414415,-7.582620462545223,5G NSA,Casablanca,0,1,3.5,micro
GRID_2945,33.58714414414415,-7.581863568270927,LTE,Casablanca,0,0,1.8,macro
GRID_2946,33.58714414414415,-7.581106673996631,5G NSA,Casablanca,0,1,3.5,micro
GRID_2947,33.58714414414415,-7.580349779722336,LTE,Casablanca,0,0,1.8,macro
GRID_2948,33.58714414414415,-7.57959288544804,5G NSA,Casablanca,0,1,3.5,micro
GRID_2949,33.58714414414415,-7.578835991173745,LTE,Casablanca,0,0,1.8,macro
GRID_2950,33.58714414414415,-7.578079096899448,5G NSA,Casablanca,0,1,3.5,micro
GRID_2951,33.58714414414415,-7.577322202625153,LTE,Casablanca,0,0,1.8,macro
GRID_2952,33.58714414414415,-7.576565308350857,5G NSA,Casablanca,0,1,3.5,micro
GRID_2953,33.58714414414415,-7.575808414076562,LTE,Casablanca,0,0,1.8,macro
GRID_2954,33.58714414414415,-7.575051519802265,5G NSA,Casablanca,0,1,3.5,micro
GRID_2955,33.58714414414415,-7.57429462552797,LTE,Casablanca,0,0,1.8,macro
GRID_2956,33.58714414414415,-7.5735377312536745,5G NSA,Casablanca,0,1,3.5,micro
GRID_2957,33.58714414414415,-7.572780836979379,LTE,Casablanca,0,0,1.8,macro
GRID_2958,33.58714414414415,-7.5720239427050835,5G NSA,Casablanca,0,1,3.5,micro
GRID_2959,33.58714414414415,-7.571267048430787,LTE,Casablanca,0,0,1.8,macro
GRID_2960,33.58714414414415,-7.570510154156492,5G NSA,Casablanca,0,1,3.5,micro
GRID_2961,33.58714414414415,-7.569753259882196,LTE,Casablanca,0,0,1.8,macro
GRID_2962,33.58714414414415,-7.568996365607901,5G NSA,Casablanca,0,1,3.5,micro
GRID_2963,33.58714414414415,-7.568239471333605,LTE,Casablanca,0,0,1.8,macro
GRID_2964,33.58777477477477,-7.610625550694163,5G NSA,Casablanca,0,1,3.5,micro
GRID_2965,33.58777477477477,-7.6098686564198665,LTE,Casablanca,0,0,1.8,macro
GRID_2966,33.58777477477477,-7.609111762145571,5G NSA,Casablanca,0,1,3.5,micro
GRID_2967,33.58777477477477,-7.608354867871276,LTE,Casablanca,0,0,1.8,macro
GRID_2968,33.58777477477477,-7.60759797359698,5G NSA,Casablanca,0,1,3.5,micro
GRID_2969,33.58777477477477,-7.606841079322685,LTE,Casablanca,0,0,1.8,macro
GRID_2970,33.58777477477477,-7.606084185048388,5G NSA,Casablanca,0,1,3.5,micro
GRID_2971,33.58777477477477,-7.605327290774093,LTE,Casablanca,0,0,1.8,macro
GRID_2972,33.58777477477477,-7.604570396499797,5G NSA,Casablanca,0,1,3.5,micro
GRID_2973,33.58777477477477,-7.603813502225502,LTE,Casablanca,0,0,1.8,macro
GRID_2974,33.58777477477477,-7.603056607951205,5G NSA,Casablanca,0,1,3.5,micro
GRID_2975,33.58777477477477,-7.60229971367691,LTE,Casablanca,0,0,1.8,macro
GRID_2976,33.58777477477477,-7.6015428194026144,5G NSA,Casablanca,0,1,3.5,micro
GRID_2977,33.58777477477477,-7.600785925128319,LTE,Casablanca,0,0,1.8,macro
GRID_2978,33.58777477477477,-7.6000290308540235,5G NSA,Casablanca,0,1,3.5,micro
GRID_2979,33.58777477477477,-7.599272136579727,LTE,Casablanca,0,0,1.8,macro
GRID_2980,33.58777477477477,-7.598515242305432,5G NSA,Casablanca,0,1,3.5,micro
GRID_2981,33.58777477477477,-7.597758348031136,LTE,Casablanca,0,0,1.8,macro
GRID_2982,33.58777477477477,-7.597001453756841,5G NSA,Casablanca,0,1,3.5,micro
GRID_2983,33.58777477477477,-7.596244559482544,LTE,Casablanca,0,0,1.8,macro
GRID_2984,33.58777477477477,-7.595487665208249,5G NSA,Casablanca,0,1,3.5,micro
GRID_2985,33.58777477477477,-7.594730770933953,LTE,Casablanca,0,0,1.8,macro
GRID_2986,33.58777477477477,-7.593973876659658,5G NSA,Casablanca,0,1,3.5,micro
GRID_2987,33.58777477477477,-7.593216982385362,LTE,Casablanca,0,0,1.8,macro
GRID_2988,33.58777477477477,-7.592460088111066,5G NSA,Casablanca,0,1,3.5,micro
GRID_2989,33.58777477477477,-7.5917031938367705,LTE,Casablanca,0,0,1.8,macro
GRID_2990,33.58777477477477,-7.590946299562475,5G NSA,Casablanca,0,1,3.5,micro
GRID_2991,33.58777477477477,-7.5901894052881795,LTE,Casablanca,0,0,1.8,macro
GRID_2992,33.58777477477477,-7.589432511013884,5G NSA,Casablanca,0,1,3.5,micro
GRID_2993,33.58777477477477,-7.588675616739588,LTE,Casablanca,0,0,1.8,macro
GRID_2994,33.58777477477477,-7.587918722465292,5G NSA,Casablanca,0,1,3.5,micro
GRID_2995,33.58777477477477,-7.587161828190997,LTE,Casablanca,0,0,1.8,macro
GRID_2996,33.58777477477477,-7.586404933916701,5G NSA,Casablanca,0,1,3.5,micro
GRID_2997,33.58777477477477,-7.585648039642405,LTE,Casablanca,0,0,1.8,macro
GRID_2998,33.58777477477477,-7.584891145368109,5G NSA,Casablanca,0,1,3.5,micro
GRID_2999,33.58777477477477,-7.584134251093814,LTE,Casablanca,0,0,1.8,macro
GRID_3000,33.58777477477477,-7.583377356819518,5G NSA,Casablanca,0,1,3.5,micro
GRID_3001,33.58777477477477,-7.582620462545223,LTE,Casablanca,0,0,1.8,macro
GRID_3002,33.58777477477477,-7.581863568270927,5G NSA,Casablanca,0,1,3.5,micro
GRID_3003,33.58777477477477,-7.581106673996631,LTE,Casablanca,0,0,1.8,macro
GRID_3004,33.58777477477477,-7.580349779722336,5G NSA,Casablanca,0,1,3.5,micro
GRID_3005,33.58777477477477,-7.57959288544804,LTE,Casablanca,0,0,1.8,macro
GRID_3006,33.58777477477477,-7.578835991173745,5G NSA,Casablanca,0,1,3.5,micro
GRID_3007,33.58777477477477,-7.578079096899448,LTE,Casablanca,0,0,1.8,macro
GRID_3008,33.58777477477477,-7.577322202625153,5G NSA,Casablanca,0,1,3.5,micro
GRID_3009,33.58777477477477,-7.576565308350857,LTE,Casablanca,0,0,1.8,macro
GRID_3010,33.58777477477477,-7.575808414076562,5G NSA,Casablanca,0,1,3.5,micro
GRID_3011,33.58777477477477,-7.575051519802265,LTE,Casablanca,0,0,1.8,macro
GRID_3012,33.58777477477477,-7.57429462552797,5G NSA,Casablanca,0,1,3.5,micro
GRID_3013,33.58777477477477,-7.5735377312536745,LTE,Casablanca,0,0,1.8,macro
GRID_3014,33.58777477477477,-7.572780836979379,5G NSA,Casablanca,0,1,3.5,micro
GRID_3015,33.58777477477477,-7.5720239427050835,LTE,Casablanca,0,0,1.8,macro
GRID_3016,33.58777477477477,-7.571267048430787,5G NSA,Casablanca,0,1,3.5,micro
GRID_3017,33.58777477477477,-7.570510154156492,LTE,Casablanca,0,0,1.8,macro
GRID_3018,33.58777477477477,-7.569753259882196,5G NSA,Casablanca,0,1,3.5,micro
GRID_3019,33.58777477477477,-7.568996365607901,LTE,Casablanca,0,0,1.8,macro
GRID_3020,33.58777477477477,-7.568239471333605,5G NSA,Casablanca,0,1,3.5,micro
GRID_3021,33.5884054054054,-7.610625550694163,LTE,Casablanca,0,0,1.8,macro
GRID_3022,33.5884054054054,-7.6098686564198665,5G NSA,Casablanca,0,1,3.5,micro
GRID_3023,33.5884054054054,-7.609111762145571,LTE,Casablanca,0,0,1.8,macro
GRID_3024,33.5884054054054,-7.608354867871276,5G NSA,Casablanca,0,1,3.5,micro
GRID_3025,33.5884054054054,-7.60759797359698,LTE,Casablanca,0,0,1.8,macro
GRID_3026,33.5884054054054,-7.606841079322685,5G NSA,Casablanca,0,1,3.5,micro
GRID_3027,33.5884054054054,-7.606084185048388,LTE,Casablanca,0,0,1.8,macro
GRID_3028,33.5884054054054,-7.605327290774093,5G NSA,Casablanca,0,1,3.5,micro
GRID_3029,33.5884054054054,-7.604570396499797,LTE,Casablanca,0,0,1.8,macro
GRID_3030,33.5884054054054,-7.603813502225502,5G NSA,Casablanca,0,1,3.5,micro
GRID_3031,33.5884054054054,-7.603056607951205,LTE,Casablanca,0,0,1.8,macro
GRID_3032,33.5884054054054,-7.60229971367691,5G NSA,Casablanca,0,1,3.5,micro
GRID_3033,33.5884054054054,-7.6015428194026144,LTE,Casablanca,0,0,1.8,macro
GRID_3034,33.5884054054054,-7.600785925128319,5G NSA,Casablanca,0,1,3.5,micro
GRID_3035,33.5884054054054,-7.6000290308540235,LTE,Casablanca,0,0,1.8,macro
GRID_3036,33.5884054054054,-7.599272136579727,5G NSA,Casablanca,0,1,3.5,micro
GRID_3037,33.5884054054054,-7.598515242305432,LTE,Casablanca,0,0,1.8,macro
GRID_3038,33.5884054054054,-7.597758348031136,5G NSA,Casablanca,0,1,3.5,micro
GRID_3039,33.5884054054054,-7.597001453756841,LTE,Casablanca,0,0,1.8,macro
GRID_3040,33.5884054054054,-7.596244559482544,5G NSA,Casablanca,0,1,3.5,micro
GRID_3041,33.5884054054054,-7.595487665208249,LTE,Casablanca,0,0,1.8,macro
GRID_3042,33.5884054054054,-7.594730770933953,5G NSA,Casablanca,0,1,3.5,micro
GRID_3043,33.5884054054054,-7.593973876659658,LTE,Casablanca,0,0,1.8,macro
GRID_3044,33.5884054054054,-7.593216982385362,5G NSA,Casablanca,0,1,3.5,micro
GRID_3045,33.5884054054054,-7.592460088111066,LTE,Casablanca,0,0,1.8,macro
GRID_3046,33.5884054054054,-7.5917031938367705,5G NSA,Casablanca,0,1,3.5,micro
GRID_3047,33.5884054054054,-7.590946299562475,LTE,Casablanca,0,0,1.8,macro
GRID_3048,33.5884054054054,-7.5901894052881795,5G NSA,Casablanca,0,1,3.5,micro
GRID_3049,33.5884054054054,-7.589432511013884,LTE,Casablanca,0,0,1.8,macro
GRID_3050,33.5884054054054,-7.588675616739588,5G NSA,Casablanca,0,1,3.5,micro
GRID_3051,33.5884054054054,-7.587918722465292,LTE,Casablanca,0,0,1.8,macro
GRID_3052,33.5884054054054,-7.587161828190997,5G NSA,Casablanca,0,1,3.5,micro
GRID_3053,33.5884054054054,-7.586404933916701,LTE,Casablanca,0,0,1.8,macro
GRID_3054,33.5884054054054,-7.585648039642405,5G NSA,Casablanca,0,1,3.5,micro
GRID_3055,33.5884054054054,-7.584891145368109,LTE,Casablanca,0,0,1.8,macro
GRID_3056,33.5884054054054,-7.584134251093814,5G NSA,Casablanca,0,1,3.5,micro
GRID_3057,33.5884054054054,-7.583377356819518,LTE,Casablanca,0,0,1.8,macro
GRID_3058,33.5884054054054,-7.582620462545223,5G NSA,Casablanca,0,1,3.5,micro
GRID_3059,33.5884054054054,-7.581863568270927,LTE,Casablanca,0,0,1.8,macro
GRID_3060,33.5884054054054,-7.581106673996631,5G NSA,Casablanca,0,1,3.5,micro
GRID_3061,33.5884054054054,-7.580349779722336,LTE,Casablanca,0,0,1.8,macro
GRID_3062,33.5884054054054,-7.57959288544804,5G NSA,Casablanca,0,1,3.5,micro
GRID_3063,33.5884054054054,-7.578835991173745,LTE,Casablanca,0,0,1.8,macro
GRID_3064,33.5884054054054,-7.578079096899448,5G NSA,Casablanca,0,1,3.5,micro
GRID_3065,33.5884054054054,-7.577322202625153,LTE,Casablanca,0,0,1.8,macro
GRID_3066,33.5884054054054,-7.576565308350857,5G NSA,Casablanca,0,1,3.5,micro
GRID_3067,33.5884054054054,-7.575808414076562,LTE,Casablanca,0,0,1.8,macro
GRID_3068,33.5884054054054,-7.575051519802265,5G NSA,Casablanca,0,1,3.5,micro
GRID_3069,33.5884054054054,-7.57429462552797,LTE,Casablanca,0,0,1.8,macro
GRID_3070,33.5884054054054,-7.5735377312536745,5G NSA,Casablanca,0,1,3.5,micro
GRID_3071,33.5884054054054,-7.572780836979379,LTE,Casablanca,0,0,1.8,macro
GRID_3072,33.5884054054054,-7.5720239427050835,5G NSA,Casablanca,0,1,3.5,micro
GRID_3073,33.5884054054054,-7.571267048430787,LTE,Casablanca,0,0,1.8,macro
GRID_3074,33.5884054054054,-7.570510154156492,5G NSA,Casablanca,0,1,3.5,micro
GRID_3075,33.5884054054054,-7.569753259882196,LTE,Casablanca,0,0,1.8,macro
GRID_3076,33.5884054054054,-7.568996365607901,5G NSA,Casablanca,0,1,3.5,micro
GRID_3077,33.5884054054054,-7.568239471333605,LTE,Casablanca,0,0,1.8,macro
GRID_3078,33.589036036036035,-7.610625550694163,5G NSA,Casablanca,0,1,3.5,micro
GRID_3079,33.589036036036035,-7.6098686564198665,LTE,Casablanca,0,0,1.8,macro
GRID_3080,33.589036036036035,-7.609111762145571,5G NSA,Casablanca,0,1,3.5,micro
GRID_3081,33.589036036036035,-7.608354867871276,LTE,Casablanca,0,0,1.8,macro
GRID_3082,33.589036036036035,-7.60759797359698,5G NSA,Casablanca,0,1,3.5,micro
GRID_3083,33.589036036036035,-7.606841079322685,LTE,Casablanca,0,0,1.8,macro
GRID_3084,33.589036036036035,-7.606084185048388,5G NSA,Casablanca,0,1,3.5,micro
GRID_3085,33.589036036036035,-7.605327290774093,LTE,Casablanca,0,0,1.8,macro
GRID_3086,33.589036036036035,-7.604570396499797,5G NSA,Casablanca,0,1,3.5,micro
GRID_3087,33.589036036036035,-7.603813502225502,LTE,Casablanca,0,0,1.8,macro
GRID_3088,33.589036036036035,-7.603056607951205,5G NSA,Casablanca,0,1,3.5,micro
GRID_3089,33.589036036036035,-7.60229971367691,LTE,Casablanca,0,0,1.8,macro
GRID_3090,33.589036036036035,-7.6015428194026144,5G NSA,Casablanca,0,1,3.5,micro
GRID_3091,33.589036036036035,-7.600785925128319,LTE,Casablanca,0,0,1.8,macro
GRID_3092,33.589036036036035,-7.6000290308540235,5G NSA,Casablanca,0,1,3.5,micro
GRID_3093,33.589036036036035,-7.599272136579727,LTE,Casablanca,0,0,1.8,macro
GRID_3094,33.589036036036035,-7.598515242305432,5G NSA,Casablanca,0,1,3.5,micro
GRID_3095,33.589036036036035,-7.597758348031136,LTE,Casablanca,0,0,1.8,macro
GRID_3096,33.589036036036035,-7.597001453756841,5G NSA,Casablanca,0,1,3.5,micro
GRID_3097,33.589036036036035,-7.596244559482544,LTE,Casablanca,0,0,1.8,macro
GRID_3098,33.589036036036035,-7.595487665208249,5G NSA,Casablanca,0,1,3.5,micro
GRID_3099,33.589036036036035,-7.594730770933953,LTE,Casablanca,0,0,1.8,macro
GRID_3100,33.589036036036035,-7.593973876659658,5G NSA,Casablanca,0,1,3.5,micro
GRID_3101,33.589036036036035,-7.593216982385362,LTE,Casablanca,0,0,1.8,macro
GRID_3102,33.589036036036035,-7.592460088111066,5G NSA,Casablanca,0,1,3.5,micro
GRID_3103,33.589036036036035,-7.5917031938367705,LTE,Casablanca,0,0,1.8,macro
GRID_3104,33.589036036036035,-7.590946299562475,5G NSA,Casablanca,0,1,3.5,micro
GRID_3105,33.589036036036035,-7.5901894052881795,LTE,Casablanca,0,0,1.8,macro
GRID_3106,33.589036036036035,-7.589432511013884,5G NSA,Casablanca,0,1,3.5,micro
GRID_3107,33.589036036036035,-7.588675616739588,LTE,Casablanca,0,0,1.8,macro
GRID_3108,33.589036036036035,-7.587918722465292,5G NSA,Casablanca,0,1,3.5,micro
GRID_3109,33.589036036036035,-7.587161828190997,LTE,Casablanca,0,0,1.8,macro
GRID_3110,33.589036036036035,-7.586404933916701,5G NSA,Casablanca,0,1,3.5,micro
GRID_3111,33.589036036036035,-7.585648039642405,LTE,Casablanca,0,0,1.8,macro
GRID_3112,33.589036036036035,-7.584891145368109,5G NSA,Casablanca,0,1,3.5,micro
GRID_3113,33.589036036036035,-7.584134251093814,LTE,Casablanca,0,0,1.8,macro
GRID_3114,33.589036036036035,-7.583377356819518,5G NSA,Casablanca,0,1,3.5,micro
GRID_3115,33.589036036036035,-7.582620462545223,LTE,Casablanca,0,0,1.8,macro
GRID_3116,33.589036036036035,-7.581863568270927,5G NSA,Casablanca,0,1,3.5,micro
GRID_3117,33.589036036036035,-7.581106673996631,LTE,Casablanca,0,0,1.8,macro
GRID_3118,33.589036036036035,-7.580349779722336,5G NSA,Casablanca,0,1,3.5,micro
GRID_3119,33.589036036036035,-7.57959288544804,LTE,Casablanca,0,0,1.8,macro
GRID_3120,33.589036036036035,-7.578835991173745,5G NSA,Casablanca,0,1,3.5,micro
GRID_3121,33.589036036036035,-7.578079096899448,LTE,Casablanca,0,0,1.8,macro
GRID_3122,33.589036036036035,-7.577322202625153,5G NSA,Casablanca,0,1,3.5,micro
GRID_3123,33.589036036036035,-7.576565308350857,LTE,Casablanca,0,0,1.8,macro
GRID_3124,33.589036036036035,-7.575808414076562,5G NSA,Casablanca,0,1,3.5,micro
GRID_3125,33.589036036036035,-7.575051519802265,LTE,Casablanca,0,0,1.8,macro
GRID_3126,33.589036036036035,-7.57429462552797,5G NSA,Casablanca,0,1,3.5,micro
GRID_3127,33.589036036036035,-7.5735377312536745,LTE,Casablanca,0,0,1.8,macro
GRID_3128,33.589036036036035,-7.572780836979379,5G NSA,Casablanca,0,1,3.5,micro
GRID_3129,33.589036036036035,-7.5720239427050835,LTE,Casablanca,0,0,1.8,macro
GRID_3130,33.589036036036035,-7.571267048430787,5G NSA,Casablanca,0,1,3.5,micro
GRID_3131,33.589036036036035,-7.570510154156492,LTE,Casablanca,0,0,1.8,macro
GRID_3132,33.589036036036035,-7.569753259882196,5G NSA,Casablanca,0,1,3.5,micro
GRID_3133,33.589036036036035,-7.568996365607901,LTE,Casablanca,0,0,1.8,macro
GRID_3134,33.589036036036035,-7.568239471333605,5G NSA,Casablanca,0,1,3.5,micro
GRID_3135,33.589666666666666,-7.610625550694163,LTE,Casablanca,0,0,1.8,macro
GRID_3136,33.589666666666666,-7.6098686564198665,5G NSA,Casablanca,0,1,3.5,micro
GRID_3137,33.589666666666666,-7.609111762145571,LTE,Casablanca,0,0,1.8,macro
GRID_3138,33.589666666666666,-7.608354867871276,5G NSA,Casablanca,0,1,3.5,micro
GRID_3139,33.589666666666666,-7.60759797359698,LTE,Casablanca,0,0,1.8,macro
GRID_3140,33.589666666666666,-7.606841079322685,5G NSA,Casablanca,0,1,3.5,micro
GRID_3141,33.589666666666666,-7.606084185048388,LTE,Casablanca,0,0,1.8,macro
GRID_3142,33.589666666666666,-7.605327290774093,5G NSA,Casablanca,0,1,3.5,micro
GRID_3143,33.589666666666666,-7.604570396499797,LTE,Casablanca,0,0,1.8,macro
GRID_3144,33.589666666666666,-7.603813502225502,5G NSA,Casablanca,0,1,3.5,micro
GRID_3145,33.589666666666666,-7.603056607951205,LTE,Casablanca,0,0,1.8,macro
GRID_3146,33.589666666666666,-7.60229971367691,5G NSA,Casablanca,0,1,3.5,micro
GRID_3147,33.589666666666666,-7.6015428194026144,LTE,Casablanca,0,0,1.8,macro
GRID_3148,33.589666666666666,-7.600785925128319,5G NSA,Casablanca,0,1,3.5,micro
GRID_3149,33.589666666666666,-7.6000290308540235,LTE,Casablanca,0,0,1.8,macro
GRID_3150,33.589666666666666,-7.599272136579727,5G NSA,Casablanca,0,1,3.5,micro
GRID_3151,33.589666666666666,-7.598515242305432,LTE,Casablanca,0,0,1.8,macro
GRID_3152,33.589666666666666,-7.597758348031136,5G NSA,Casablanca,0,1,3.5,micro
GRID_3153,33.589666666666666,-7.597001453756841,LTE,Casablanca,0,0,1.8,macro
GRID_3154,33.589666666666666,-7.596244559482544,5G NSA,Casablanca,0,1,3.5,micro
GRID_3155,33.589666666666666,-7.595487665208249,LTE,Casablanca,0,0,1.8,macro
GRID_3156,33.589666666666666,-7.594730770933953,5G NSA,Casablanca,0,1,3.5,micro
GRID_3157,33.589666666666666,-7.593973876659658,LTE,Casablanca,0,0,1.8,macro
GRID_3158,33.589666666666666,-7.593216982385362,5G NSA,Casablanca,0,1,3.5,micro
GRID_3159,33.589666666666666,-7.592460088111066,LTE,Casablanca,0,0,1.8,macro
GRID_3160,33.589666666666666,-7.5917031938367705,5G NSA,Casablanca,0,1,3.5,micro
GRID_3161,33.589666666666666,-7.590946299562475,LTE,Casablanca,0,0,1.8,macro
GRID_3162,33.589666666666666,-7.5901894052881795,5G NSA,Casablanca,0,1,3.5,micro
GRID_3163,33.589666666666666,-7.589432511013884,LTE,Casablanca,0,0,1.8,macro
GRID_3164,33.589666666666666,-7.588675616739588,5G NSA,Casablanca,0,1,3.5,micro
GRID_3165,33.589666666666666,-7.587918722465292,LTE,Casablanca,0,0,1.8,macro
GRID_3166,33.589666666666666,-7.587161828190997,5G NSA,Casablanca,0,1,3.5,micro
GRID_3167,33.589666666666666,-7.586404933916701,LTE,Casablanca,0,0,1.8,macro
GRID_3168,33.589666666666666,-7.585648039642405,5G NSA,Casablanca,0,1,3.5,micro
GRID_3169,33.589666666666666,-7.584891145368109,LTE,Casablanca,0,0,1.8,macro
GRID_3170,33.589666666666666,-7.584134251093814,5G NSA,Casablanca,0,1,3.5,micro
GRID_3171,33.589666666666666,-7.583377356819518,LTE,Casablanca,0,0,1.8,macro
GRID_3172,33.589666666666666,-7.582620462545223,5G NSA,Casablanca,0,1,3.5,micro
GRID_3173,33.589666666666666,-7.581863568270927,LTE,Casablanca,0,0,1.8,macro
GRID_3174,33.589666666666666,-7.581106673996631,5G NSA,Casablanca,0,1,3.5,micro
GRID_3175,33.589666666666666,-7.580349779722336,LTE,Casablanca,0,0,1.8,macro
GRID_3176,33.589666666666666,-7.57959288544804,5G NSA,Casablanca,0,1,3.5,micro
GRID_3177,33.589666666666666,-7.578835991173745,LTE,Casablanca,0,0,1.8,macro
GRID_3178,33.589666666666666,-7.578079096899448,5G NSA,Casablanca,0,1,3.5,micro
GRID_3179,33.589666666666666,-7.577322202625153,LTE,Casablanca,0,0,1.8,macro
GRID_3180,33.589666666666666,-7.576565308350857,5G NSA,Casablanca,0,1,3.5,micro
GRID_3181,33.589666666666666,-7.575808414076562,LTE,Casablanca,0,0,1.8,macro
GRID_3182,33.589666666666666,-7.575051519802265,5G NSA,Casablanca,0,1,3.5,micro
GRID_3183,33.589666666666666,-7.57429462552797,LTE,Casablanca,0,0,1.8,macro
GRID_3184,33.589666666666666,-7.5735377312536745,5G NSA,Casablanca,0,1,3.5,micro
GRID_3185,33.589666666666666,-7.572780836979379,LTE,Casablanca,0,0,1.8,macro
GRID_3186,33.589666666666666,-7.5720239427050835,5G NSA,Casablanca,0,1,3.5,micro
GRID_3187,33.589666666666666,-7.571267048430787,LTE,Casablanca,0,0,1.8,macro
GRID_3188,33.589666666666666,-7.570510154156492,5G NSA,Casablanca,0,1,3.5,micro
GRID_3189,33.589666666666666,-7.569753259882196,LTE,Casablanca,0,0,1.8,macro
GRID_3190,33.589666666666666,-7.568996365607901,5G NSA,Casablanca,0,1,3.5,micro
GRID_3191,33.589666666666666,-7.568239471333605,LTE,Casablanca,0,0,1.8,macro
GRID_3192,33.5902972972973,-7.610625550694163,5G NSA,Casablanca,0,1,3.5,micro
GRID_3193,33.5902972972973,-7.6098686564198665,LTE,Casablanca,0,0,1.8,macro
GRID_3194,33.5902972972973,-7.609111762145571,5G NSA,Casablanca,0,1,3.5,micro
GRID_3195,33.5902972972973,-7.608354867871276,LTE,Casablanca,0,0,1.8,macro
GRID_3196,33.5902972972973,-7.60759797359698,5G NSA,Casablanca,0,1,3.5,micro
GRID_3197,33.5902972972973,-7.606841079322685,LTE,Casablanca,0,0,1.8,macro
GRID_3198,33.5902972972973,-7.606084185048388,5G NSA,Casablanca,0,1,3.5,micro
GRID_3199,33.5902972972973,-7.605327290774093,LTE,Casablanca,0,0,1.8,macro
GRID_3200,33.5902972972973,-7.604570396499797,5G NSA,Casablanca,0,1,3.5,micro
GRID_3201,33.5902972972973,-7.603813502225502,LTE,Casablanca,0,0,1.8,macro
GRID_3202,33.5902972972973,-7.603056607951205,5G NSA,Casablanca,0,1,3.5,micro
GRID_3203,33.5902972972973,-7.60229971367691,LTE,Casablanca,0,0,1.8,macro
GRID_3204,33.5902972972973,-7.6015428194026144,5G NSA,Casablanca,0,1,3.5,micro
GRID_3205,33.5902972972973,-7.600785925128319,LTE,Casablanca,0,0,1.8,macro
GRID_3206,33.5902972972973,-7.6000290308540235,5G NSA,Casablanca,0,1,3.5,micro
GRID_3207,33.5902972972973,-7.599272136579727,LTE,Casablanca,0,0,1.8,macro
GRID_3208,33.5902972972973,-7.598515242305432,5G NSA,Casablanca,0,1,3.5,micro
GRID_3209,33.5902972972973,-7.597758348031136,LTE,Casablanca,0,0,1.8,macro
GRID_3210,33.5902972972973,-7.597001453756841,5G NSA,Casablanca,0,1,3.5,micro
GRID_3211,33.5902972972973,-7.596244559482544,LTE,Casablanca,0,0,1.8,macro
GRID_3212,33.5902972972973,-7.595487665208249,5G NSA,Casablanca,0,1,3.5,micro
GRID_3213,33.5902972972973,-7.594730770933953,LTE,Casablanca,0,0,1.8,macro
GRID_3214,33.5902972972973,-7.593973876659658,5G NSA,Casablanca,0,1,3.5,micro
GRID_3215,33.5902972972973,-7.593216982385362,LTE,Casablanca,0,0,1.8,macro
GRID_3216,33.5902972972973,-7.592460088111066,5G NSA,Casablanca,0,1,3.5,micro
GRID_3217,33.5902972972973,-7.5917031938367705,LTE,Casablanca,0,0,1.8,macro
GRID_3218,33.5902972972973,-7.590946299562475,5G NSA,Casablanca,0,1,3.5,micro
GRID_3219,33.5902972972973,-7.5901894052881795,LTE,Casablanca,0,0,1.8,macro
GRID_3220,33.5902972972973,-7.589432511013884,5G NSA,Casablanca,0,1,3.5,micro
GRID_3221,33.5902972972973,-7.588675616739588,LTE,Casablanca,0,0,1.8,macro
GRID_3222,33.5902972972973,-7.587918722465292,5G NSA,Casablanca,0,1,3.5,micro
GRID_3223,33.5902972972973,-7.587161828190997,LTE,Casablanca,0,0,1.8,macro
GRID_3224,33.5902972972973,-7.586404933916701,5G NSA,Casablanca,0,1,3.5,micro
GRID_3225,33.5902972972973,-7.585648039642405,LTE,Casablanca,0,0,1.8,macro
GRID_3226,33.5902972972973,-7.584891145368109,5G NSA,Casablanca,0,1,3.5,micro
GRID_3227,33.5902972972973,-7.584134251093814,LTE,Casablanca,0,0,1.8,macro
GRID_3228,33.5902972972973,-7.583377356819518,5G NSA,Casablanca,0,1,3.5,micro
GRID_3229,33.5902972972973,-7.582620462545223,LTE,Casablanca,0,0,1.8,macro
GRID_3230,33.5902972972973,-7.581863568270927,5G NSA,Casablanca,0,1,3.5,micro
GRID_3231,33.5902972972973,-7.581106673996631,LTE,Casablanca,0,0,1.8,macro
GRID_3232,33.5902972972973,-7.580349779722336,5G NSA,Casablanca,0,1,3.5,micro
GRID_3233,33.5902972972973,-7.57959288544804,LTE,Casablanca,0,0,1.8,macro
GRID_3234,33.5902972972973,-7.578835991173745,5G NSA,Casablanca,0,1,3.5,micro
GRID_3235,33.5902972972973,-7.578079096899448,LTE,Casablanca,0,0,1.8,macro
GRID_3236,33.5902972972973,-7.577322202625153,5G NSA,Casablanca,0,1,3.5,micro
GRID_3237,33.5902972972973,-7.576565308350857,LTE,Casablanca,0,0,1.8,macro
GRID_3238,33.5902972972973,-7.575808414076562,5G NSA,Casablanca,0,1,3.5,micro
GRID_3239,33.5902972972973,-7.575051519802265,LTE,Casablanca,0,0,1.8,macro
GRID_3240,33.5902972972973,-7.57429462552797,5G NSA,Casablanca,0,1,3.5,micro
GRID_3241,33.5902972972973,-7.5735377312536745,LTE,Casablanca,0,0,1.8,macro
GRID_3242,33.5902972972973,-7.572780836979379,5G NSA,Casablanca,0,1,3.5,micro
GRID_3243,33.5902972972973,-7.5720239427050835,LTE,Casablanca,0,0,1.8,macro
GRID_3244,33.5902972972973,-7.571267048430787,5G NSA,Casablanca,0,1,3.5,micro
GRID_3245,33.5902972972973,-7.570510154156492,LTE,Casablanca,0,0,1.8,macro
GRID_3246,33.5902972972973,-7.569753259882196,5G NSA,Casablanca,0,1,3.5,micro
GRID_3247,33.5902972972973,-7.568996365607901,LTE,Casablanca,0,0,1.8,macro
GRID_3248,33.5902972972973,-7.568239471333605,5G NSA,Casablanca,0,1,3.5,micro
